id,username,ipV4,last_upd,GDPR_consent,gender,country,city,R_news,R_sports,R_celebrities,R_politics,R_music
1,rhargreves0,90.99.119.39,22:24:10.000,true,M,Finland,Haukipudas,8.1,6.3,8.2,1.9,8.5
2,uzorzi1,57.130.195.87,19:32:54.000,false,M,Sweden,Uddevalla,2.4,9.1,5.9,7.0,5.7
3,ngawthorp2,145.192.214.215,19:01:01.000,false,M,Norway,Kristiansand S,5.7,2.1,2.1,9.2,1.9
4,rsommerfeld3,9.37.252.59,6:11:08.000,true,M,Sweden,Norrköping,10.0,6.3,1.5,1.2,1.4
5,yloukes4,165.215.200.194,16:52:40.000,false,M,Finland,Muonio,3.3,5.1,1.2,1.8,2.3
6,mzieme5,55.74.22.42,21:04:52.000,true,M,Sweden,Vikbolandet,9.6,3.1,4.0,8.5,7.5
7,wclemoes6,133.249.184.236,20:41:35.000,true,M,Finland,Pernå,3.0,6.9,8.9,2.3,9.7
8,acreigan7,23.48.173.76,19:52:57.000,false,F,Norway,Oslo,7.3,9.1,6.4,3.9,4.2
9,ndraisey8,122.116.125.202,23:07:57.000,false,F,Norway,Oslo,7.6,7.5,3.1,6.2,9.4
10,cvallens9,239.186.1.99,0:44:03.000,true,M,Norway,Skien,1.1,7.2,4.8,8.1,3.9
11,tmoneya,106.146.107.159,2:55:04.000,true,M,Sweden,Trollhättan,7.4,1.1,5.2,1.4,5.9
12,scornelleaub,186.98.45.137,7:37:58.000,true,F,Sweden,Klippan,7.6,3.4,2.6,3.3,7.9
13,mbudikc,57.208.244.157,9:04:27.000,true,F,Sweden,Bagarmossen,1.4,3.1,7.5,6.1,7.7
14,cliftond,90.139.248.120,6:28:43.000,true,M,Sweden,Limmared,8.1,3.2,8.5,2.0,8.6
15,dmustoe,105.214.12.17,18:08:55.000,false,M,Sweden,Solna,1.5,2.1,3.3,4.6,6.7
16,kbuesnelf,149.65.99.249,16:31:28.000,false,F,Sweden,Uppsala,4.5,9.5,2.7,7.5,8.7
17,apherpsg,9.240.7.148,2:52:21.000,true,F,Sweden,Tungelsta,9.9,2.7,7.3,7.1,4.0
18,mmowsdaleh,145.82.28.123,4:36:09.000,false,M,Norway,Lillehammer,8.6,6.9,6.0,5.8,3.7
19,vbevensi,132.28.247.197,8:27:17.000,false,F,Norway,Sandefjord,7.6,3.4,9.2,1.3,5.7
20,cokellyj,128.58.145.228,1:38:07.000,true,M,Sweden,Perstorp,8.1,9.5,1.1,2.9,9.8
21,cgoscark,74.133.189.164,8:09:55.000,false,F,Sweden,Borås,3.1,9.1,8.9,1.6,4.9
22,epritchettl,28.134.126.235,10:20:26.000,true,M,Sweden,Stockholm,7.4,8.2,9.6,1.5,9.5
23,hsheerem,122.246.51.94,17:49:59.000,false,M,Finland,Pyhäntä,4.5,5.1,8.3,9.4,5.3
24,rpargettern,250.190.154.16,17:06:45.000,true,F,Finland,Äänekoski,1.2,1.8,6.5,9.2,6.5
25,ajiruseko,62.158.88.231,7:42:21.000,false,M,Sweden,Skövde,4.5,1.2,5.2,6.3,7.8
26,adinceyp,65.253.255.182,14:22:03.000,false,M,Sweden,Särö,8.6,8.6,7.1,3.5,9.3
27,grobroeq,202.254.113.149,1:16:26.000,false,M,Sweden,Umeå,9.3,2.5,2.6,1.5,2.5
28,mcaberar,160.122.149.154,11:53:12.000,true,M,Finland,Rautjärvi,3.8,5.4,6.2,9.6,1.1
29,itidburys,61.63.155.203,6:59:18.000,false,M,Sweden,Alingsås,3.8,4.7,3.4,7.2,7.6
30,iglasscottt,108.49.54.238,0:40:45.000,true,F,Sweden,Bollnäs,7.6,1.5,8.6,8.8,4.6
31,obavridgeu,242.62.62.98,11:26:33.000,false,M,Sweden,Torsby,9.9,3.6,1.5,1.3,5.2
32,igiovanazziv,169.108.104.175,22:49:45.000,false,M,Sweden,Vadstena,4.1,7.2,6.0,5.8,2.7
33,wcroslandw,92.132.27.201,2:47:24.000,true,F,Sweden,Stockholm,6.9,6.1,7.6,2.5,9.0
34,tblachfordx,153.47.75.79,5:00:55.000,true,F,Sweden,Falun,1.6,5.9,5.2,2.1,1.5
35,jaycey,110.203.167.56,13:25:37.000,true,F,Sweden,Svedala,9.1,5.2,9.5,6.8,4.7
36,bheisterz,5.71.79.7,2:23:36.000,false,F,Finland,Kuivaniemi,6.2,7.2,9.8,7.4,8.5
37,javo10,233.51.147.21,23:52:43.000,false,F,Sweden,Stockholm,1.5,5.3,1.2,5.9,3.8
38,kmichiel11,182.71.112.155,1:15:20.000,true,F,Denmark,Frederiksberg,2.3,6.3,5.2,9.9,9.5
39,nscini12,200.105.236.142,4:05:34.000,false,M,Sweden,Solna,2.8,7.5,8.8,9.5,4.5
40,pabbado13,144.37.234.171,7:39:08.000,false,M,Sweden,Vårgårda,6.6,3.9,9.8,1.1,2.4
41,cjoscelyne14,88.142.106.173,20:03:06.000,false,M,Sweden,Uppsala,9.9,9.1,3.4,2.2,2.9
42,bpritchitt15,253.73.126.35,18:44:25.000,true,F,Denmark,Frederiksberg,7.6,5.8,5.3,1.9,6.8
43,mshapcott16,179.24.20.218,22:47:02.000,false,F,Finland,Leppävirta,7.0,4.2,6.7,5.2,5.3
44,etousy17,242.177.163.159,18:48:44.000,true,M,Sweden,Nol,7.5,2.0,3.0,4.1,3.3
45,wtorricella18,106.186.1.224,23:34:23.000,false,M,Denmark,København,7.4,7.3,7.7,1.1,8.3
46,tsegges19,15.63.95.190,4:16:26.000,false,M,Sweden,Ludvika,9.0,5.7,3.4,3.7,2.4
47,qadkin1a,120.64.123.148,20:44:27.000,false,F,Sweden,Borlänge,9.3,6.3,2.3,3.1,8.9
48,eraun1b,25.116.76.39,0:03:39.000,true,M,Sweden,Hagfors,7.4,5.5,5.5,1.6,8.3
49,dlacasa1c,182.57.190.81,21:52:02.000,false,F,Finland,Enonkoski,6.4,3.6,7.9,1.5,6.7
50,scastellone1d,240.164.172.23,7:03:28.000,true,M,Sweden,Billdal,1.7,3.0,9.6,4.2,7.0
51,cgrahame1e,29.248.145.21,17:50:04.000,true,F,Sweden,Lidköping,2.1,6.3,5.8,5.3,5.9
52,msherrin1f,41.129.213.104,22:37:52.000,true,F,Sweden,Lidingö,5.6,5.5,5.8,5.2,5.8
53,lrappport1g,82.114.133.171,23:01:22.000,true,M,Sweden,Karlstad,6.6,5.4,3.8,6.4,5.8
54,mmilbourne1h,121.168.15.186,21:01:24.000,true,F,Finland,Ilmajoki,6.9,7.7,1.4,4.3,6.1
55,lblacker1i,30.103.113.173,10:12:55.000,true,M,Sweden,Borås,1.1,6.7,6.0,8.8,7.0
56,pjumonet1j,136.167.16.241,18:51:05.000,true,M,Sweden,Trosa,3.3,1.9,9.7,4.7,6.0
57,dgallichan1k,47.1.132.225,3:08:02.000,false,F,Sweden,Hisings Kärra,8.1,8.7,6.9,4.2,9.5
58,nprobetts1l,172.128.48.62,11:41:47.000,false,F,Sweden,Danderyd,7.0,5.3,2.4,4.0,7.5
59,dpennetta1m,190.88.228.176,7:22:14.000,false,F,Sweden,Linköping,3.5,5.4,4.1,5.6,8.1
60,lgowanson1n,214.252.158.164,4:51:28.000,false,M,Finland,Lappajärvi,9.2,2.9,8.2,9.4,2.9
61,erameau1o,129.28.201.177,10:23:32.000,false,M,Sweden,Lindome,6.2,5.0,10.0,5.7,3.9
62,hbarthelet1p,249.34.45.115,23:06:07.000,false,F,Sweden,Göteborg,4.1,5.5,5.1,6.2,9.9
63,nborghese1q,92.189.198.243,10:05:04.000,false,F,Sweden,Mariestad,1.3,1.1,7.2,9.9,4.4
64,chynson1r,27.36.240.167,0:06:12.000,false,M,Finland,Hausjärvi,3.2,8.2,6.0,9.3,2.1
65,hdutteridge1s,212.87.38.39,21:41:05.000,false,F,Norway,Ulset,7.5,6.8,8.7,1.2,6.9
66,cbraffington1t,97.32.156.164,21:11:51.000,true,F,Sweden,Vallentuna,5.8,9.2,7.1,2.3,6.6
67,wworsalls1u,34.199.187.173,19:42:52.000,true,F,Sweden,Stenungsund,7.5,7.8,4.6,5.6,4.3
68,mgerrels1v,14.8.235.213,3:15:45.000,true,M,Sweden,Växjö,8.3,5.2,7.3,3.5,7.2
69,rclemencet1w,6.51.242.153,19:50:14.000,true,M,Sweden,Hässelby,8.4,3.1,3.7,5.3,3.0
70,alicciardello1x,212.141.40.212,22:39:37.000,true,M,Sweden,Enköping,1.3,2.9,5.9,8.6,8.0
71,wpothbury1y,81.224.119.107,18:35:02.000,true,M,Sweden,Täby,7.0,2.6,7.2,9.5,8.6
72,akenward1z,71.82.235.22,16:04:39.000,true,M,Sweden,Mölndal,5.3,4.8,7.8,8.9,6.9
73,cpaten20,244.247.40.227,2:25:15.000,true,F,Finland,Kuhmoinen,8.1,1.6,8.2,6.3,4.4
74,pemtage21,148.206.216.156,14:32:51.000,false,F,Sweden,Åstorp,9.8,3.0,4.4,7.4,8.8
75,tinns22,190.98.43.200,6:46:52.000,false,M,Sweden,Borås,9.2,3.7,6.8,1.9,7.2
76,hcarrane23,27.47.114.218,23:14:49.000,false,F,Finland,Isojoki,7.3,5.5,7.7,6.2,1.8
77,mbaglin24,234.158.56.145,19:31:39.000,true,F,Denmark,København,5.2,6.9,2.8,2.6,9.2
78,gseller25,198.16.239.53,13:08:19.000,false,M,Denmark,Frederiksberg,1.6,3.7,2.8,5.0,7.5
79,nelt26,233.190.195.35,23:42:33.000,false,F,Sweden,Sala,7.9,5.1,5.6,1.5,6.9
80,hdownie27,10.234.104.154,8:03:42.000,false,M,Finland,Särkisalo,1.7,4.3,2.2,1.2,2.2
81,fhoovart28,134.112.251.109,5:38:06.000,false,M,Finland,Imatra,1.7,8.7,2.0,6.4,4.6
82,rgarbott29,20.136.102.117,5:21:23.000,true,M,Norway,Trondheim,4.5,2.4,5.3,1.9,6.9
83,cegre2a,44.115.150.21,23:40:13.000,false,M,Sweden,Karlskoga,1.0,1.2,1.6,7.4,4.1
84,wkiddy2b,13.209.112.126,22:26:55.000,true,M,Finland,Nakkila,6.4,2.1,5.3,1.4,1.1
85,ewhalley2c,182.247.100.104,16:23:58.000,true,F,Finland,Ekenäs,2.3,3.5,1.9,4.4,5.8
86,cbaudouin2d,4.215.209.216,1:30:15.000,false,M,Finland,Renko,8.1,10.0,9.7,5.7,4.6
87,cbangiard2e,135.254.65.231,21:55:14.000,true,M,Finland,Asikkala,9.5,1.8,5.8,8.2,2.0
88,pmcginnell2f,198.198.245.76,23:56:51.000,true,F,Sweden,Sundsvall,6.4,5.4,2.7,5.6,8.0
89,sbletsor2g,109.130.79.251,19:11:45.000,false,M,Sweden,Eskilstuna,6.7,5.7,6.4,5.2,5.1
90,lilden2h,214.79.78.192,21:53:43.000,false,F,Sweden,Mora,6.4,7.6,7.3,1.2,7.1
91,ngallety2i,39.210.210.8,3:01:13.000,true,M,Finland,Siilinjärvi,5.3,6.5,7.6,9.5,9.6
92,gcalverd2j,124.132.251.113,23:17:06.000,false,M,Sweden,Katrineholm,7.7,8.3,1.3,1.2,7.5
93,tbrinklow2k,90.146.11.160,4:37:32.000,true,F,Sweden,Uppsala,5.6,9.8,6.4,8.4,9.6
94,gchartres2l,45.9.186.221,4:00:25.000,false,M,Sweden,Mariestad,9.7,9.5,8.9,6.0,9.3
95,ndureden2m,148.72.22.45,2:19:35.000,false,M,Sweden,Göteborg,1.4,2.8,2.0,9.2,1.4
96,tforrester2n,232.40.245.167,16:30:17.000,true,M,Sweden,Stenungsund,4.0,4.9,8.9,7.1,9.6
97,drenton2o,15.77.53.211,23:49:13.000,true,F,Finland,Oravais,4.6,9.9,8.6,2.1,5.1
98,alynagh2p,242.131.135.49,17:41:51.000,false,M,Sweden,Täby,7.4,6.4,3.1,2.7,2.1
99,ddziwisz2q,13.248.23.255,22:49:44.000,true,F,Sweden,Gamleby,1.1,6.7,3.2,8.8,8.9
100,lsummerlad2r,231.82.154.87,7:06:26.000,false,M,Sweden,Boden,1.8,2.7,8.1,7.3,3.5
101,vwallman2s,48.128.243.130,20:06:04.000,false,M,Sweden,Kalmar,4.4,9.2,9.1,9.8,7.0
102,trowcastle2t,139.131.226.47,14:23:28.000,false,M,Norway,Trondheim,6.7,6.9,5.8,3.6,1.1
103,rdufoure2u,41.236.63.36,5:44:07.000,false,M,Sweden,Kungshamn,7.3,8.9,2.0,7.2,1.0
104,bechallier2v,165.28.126.131,6:51:05.000,false,M,Finland,Kronoby,1.6,4.9,9.8,3.6,3.7
105,ssheavills2w,31.243.30.135,0:01:22.000,true,M,Finland,Rauma,3.4,4.2,7.4,8.3,3.8
106,slubman2x,229.220.23.100,1:33:38.000,true,F,Norway,Oslo,6.1,3.4,2.7,7.4,1.3
107,avoas2y,141.214.88.177,15:54:39.000,true,F,Sweden,Älvsjö,2.7,3.4,5.3,10.0,3.7
108,nmewrcik2z,18.189.219.96,18:19:19.000,true,F,Sweden,Strömstad,2.4,2.5,3.2,8.8,2.0
109,ecarder30,38.103.165.195,5:57:31.000,false,F,Sweden,Hyltebruk,8.3,3.6,4.2,8.4,9.0
110,rmatthesius31,61.196.180.168,14:21:16.000,false,M,Finland,Malax,3.6,5.7,5.4,7.8,1.4
111,hokennedy32,73.122.49.37,10:04:03.000,true,F,Sweden,Örnsköldsvik,7.6,6.9,8.7,1.1,6.6
112,tdebenedetti33,81.158.43.148,2:02:42.000,false,M,Norway,Trondheim,6.1,2.1,3.1,9.0,6.4
113,nborgars34,55.150.169.6,18:38:35.000,false,F,Finland,Karis,9.4,1.5,9.5,8.4,4.3
114,mumpleby35,208.129.0.75,22:07:49.000,false,M,Sweden,Norrköping,4.7,2.5,8.8,9.0,1.6
115,sgrassin36,63.179.13.34,2:21:30.000,false,F,Sweden,Alingsås,4.3,4.0,6.0,6.9,9.8
116,asultan37,56.48.130.208,9:44:30.000,false,M,Finland,Pukkila,8.0,6.9,9.0,4.2,1.7
117,ldriffield38,77.137.106.252,8:12:26.000,false,F,Norway,Oslo,2.4,4.2,6.9,6.1,6.9
118,selmer39,77.116.194.107,20:19:04.000,true,M,Sweden,Katrineholm,1.8,7.4,7.0,6.3,5.1
119,iclouter3a,238.192.56.177,1:23:03.000,false,F,Sweden,Västerås,4.3,5.9,9.8,7.2,6.8
120,sdinneges3b,3.127.120.182,22:09:29.000,true,M,Finland,Kaavi,7.8,5.7,7.7,5.9,8.0
121,bfernie3c,29.249.102.84,5:14:47.000,true,F,Norway,Oslo,9.0,3.6,6.9,5.3,8.1
122,hebbles3d,171.51.253.165,6:23:57.000,true,F,Norway,Oslo,8.5,7.2,6.7,3.4,9.6
123,scheine3e,55.160.214.200,4:59:27.000,true,F,Sweden,Solna,4.7,7.5,3.7,2.1,1.5
124,ecookson3f,242.221.240.214,22:48:59.000,false,F,Denmark,København,1.7,4.2,7.3,7.9,3.8
125,lholdworth3g,146.159.194.106,22:18:39.000,false,F,Sweden,Nyköping,3.6,6.1,3.0,4.5,3.2
126,ehalwell3h,104.229.185.166,11:59:52.000,false,M,Norway,Tromsø,4.2,3.6,2.2,8.1,1.0
127,hhembrow3i,139.69.71.67,20:46:22.000,false,M,Sweden,Huddinge,9.9,7.7,7.6,9.7,1.5
128,gstancer3j,42.209.190.219,6:51:00.000,false,M,Sweden,Vällingby,1.6,3.0,1.7,3.1,4.8
129,pashpole3k,11.93.200.246,6:48:42.000,false,M,Sweden,Stockholm,7.5,9.5,2.6,5.1,1.6
130,dphear3l,33.192.56.61,7:01:20.000,false,M,Sweden,Mariestad,6.5,9.7,9.2,7.8,9.8
131,ktether3m,5.171.176.148,8:26:32.000,false,M,Denmark,Frederiksberg,3.4,2.9,2.9,5.6,7.2
132,cwaterman3n,128.188.195.43,10:48:09.000,false,F,Norway,Oslo,4.5,7.5,9.7,9.0,9.8
133,astoyell3o,7.104.71.74,20:47:40.000,false,F,Sweden,Sollefteå,4.1,1.1,5.7,6.4,4.8
134,ethornley3p,67.241.199.171,1:31:33.000,true,F,Finland,Orimattila,4.4,1.8,2.4,6.3,9.9
135,tdey3q,158.4.131.213,21:07:58.000,false,F,Finland,Sumiainen,7.8,9.7,8.9,8.7,3.7
136,rodlin3r,105.189.145.48,2:29:37.000,true,F,Sweden,Stockholm,6.5,7.2,4.6,1.5,2.2
137,umansbridge3s,138.208.41.107,11:34:50.000,true,F,Sweden,Karlstad,1.5,3.0,2.5,8.6,5.0
138,wcrush3t,153.252.162.187,20:06:23.000,false,M,Sweden,Fristad,3.0,2.7,6.3,7.2,7.5
139,jpetris3u,154.140.140.72,13:32:04.000,false,M,Sweden,Halmstad,6.5,4.3,9.3,3.6,7.9
140,dgaukrodge3v,204.164.16.250,21:39:56.000,true,M,Finland,Sievi,6.3,4.0,4.5,4.1,2.7
141,mjollye3w,14.234.63.242,2:13:24.000,true,F,Sweden,Arvika,9.4,1.5,5.8,6.0,1.2
142,aflatt3x,156.131.218.218,1:16:05.000,false,F,Sweden,Stockholm,6.3,3.5,3.0,6.2,2.8
143,czima3y,65.229.103.195,0:55:58.000,false,M,Norway,Skien,9.0,6.3,6.3,2.7,4.6
144,jpackman3z,127.61.133.49,8:48:28.000,false,F,Sweden,Uppsala,2.9,2.8,3.2,4.2,6.6
145,mfearnley40,218.90.117.207,9:03:20.000,true,M,Finland,Haukivuori,1.1,3.5,5.8,3.8,8.3
146,sbettaney41,83.220.114.74,4:15:24.000,false,F,Sweden,Fagersta,7.1,6.0,7.6,5.8,3.1
147,apiggot42,204.244.103.192,14:12:29.000,false,F,Sweden,Vetlanda,5.7,9.5,2.0,4.9,3.2
148,kkendred43,8.206.238.217,13:17:50.000,false,M,Finland,Pudasjärvi,5.3,3.9,4.6,8.5,3.3
149,mheskin44,189.17.140.21,23:32:44.000,true,M,Sweden,Sandviken,7.2,6.7,9.1,5.8,1.5
150,fwall45,91.126.220.241,19:05:37.000,false,M,Sweden,Johanneshov,3.0,6.5,5.6,7.2,2.7
151,adingwall46,224.184.116.229,10:20:11.000,false,M,Sweden,Södertälje,6.8,2.2,2.3,2.6,5.5
152,jbasset47,42.62.131.58,16:52:45.000,true,M,Sweden,Stockholm,2.2,7.5,9.0,8.5,2.8
153,mfolomkin48,137.170.207.46,16:53:44.000,false,M,Sweden,Säffle,5.5,8.3,9.7,5.3,4.2
154,pvenner49,26.192.101.41,2:44:22.000,true,M,Denmark,København,6.8,6.5,2.7,8.4,6.7
155,sosheils4a,158.94.100.250,11:36:47.000,true,F,Norway,Larvik,4.1,8.0,8.4,4.3,1.1
156,scobbin4b,100.226.141.56,12:38:47.000,false,F,Sweden,Storuman,7.3,4.8,9.9,5.7,3.7
157,nlinnock4c,18.95.115.69,8:27:31.000,true,F,Norway,Hafrsfjord,8.7,9.7,9.7,6.8,7.6
158,slambarth4d,187.255.31.98,16:21:19.000,false,M,Sweden,Åtvidaberg,2.0,9.7,7.1,2.4,6.4
159,jscahill4e,57.145.49.75,20:35:50.000,false,M,Sweden,Gimo,2.6,4.3,4.8,9.1,3.7
160,gfoulsham4f,176.35.203.107,1:41:59.000,true,M,Sweden,Kumla,2.1,6.2,9.1,8.2,2.8
161,wcorlett4g,14.109.115.126,8:09:17.000,true,F,Sweden,Helsingborg,5.6,5.9,5.2,3.2,3.1
162,jswancock4h,252.109.152.31,11:12:45.000,true,F,Finland,Lavia,1.4,4.6,2.3,3.6,5.3
163,dungerer4i,160.81.99.102,3:52:16.000,true,M,Sweden,Varberg,2.2,1.1,5.8,2.3,8.2
164,kavis4j,24.114.96.194,20:24:25.000,true,M,Finland,Kimito,6.6,2.5,6.2,6.2,7.7
165,alodevick4k,240.203.32.130,0:00:57.000,true,F,Sweden,Jönköping,4.3,6.3,4.1,9.5,3.6
166,tbossons4l,74.109.144.241,16:41:35.000,true,F,Sweden,Ytterby,5.8,3.9,6.1,1.3,6.9
167,cbateson4m,98.247.183.58,22:31:42.000,true,F,Sweden,Eskilstuna,6.0,9.9,9.6,3.5,9.0
168,nknagges4n,105.13.4.71,21:01:29.000,true,F,Sweden,Finspång,9.3,8.8,3.4,6.4,6.5
169,mlongmaid4o,16.170.91.46,21:43:35.000,false,M,Sweden,Västra Frölunda,10.0,7.5,9.5,8.1,9.3
170,eponton4p,191.232.107.83,11:39:09.000,true,M,Sweden,Järna,3.2,4.6,5.7,8.0,8.3
171,lclothier4q,124.38.148.78,11:21:33.000,true,M,Norway,Oslo,4.7,6.1,6.7,9.2,5.9
172,rseywood4r,52.41.103.11,4:41:47.000,true,M,Sweden,Falun,1.0,8.2,3.4,8.4,8.1
173,kbratt4s,31.233.91.199,3:06:15.000,false,F,Sweden,Värnamo,6.6,9.2,4.0,2.6,7.2
174,eclarkson4t,250.156.134.164,9:19:12.000,false,M,Norway,Oslo,8.9,2.0,5.0,3.2,9.5
175,eflye4u,177.9.225.4,5:42:44.000,false,M,Sweden,Uppsala,4.4,4.8,5.3,2.8,4.3
176,nmajor4v,27.153.248.19,5:04:26.000,true,M,Sweden,Trelleborg,5.6,5.6,2.9,2.3,5.2
177,rdurbin4w,186.153.222.19,11:30:26.000,true,M,Norway,Drammen,5.6,4.2,6.8,2.7,2.4
178,oeckley4x,35.165.127.247,6:19:15.000,false,M,Sweden,Mariestad,6.4,7.5,8.0,6.3,9.9
179,ekhomich4y,109.178.174.16,11:44:08.000,true,F,Sweden,Stockholm,2.0,4.5,1.4,8.2,4.9
180,rlarvin4z,242.214.91.57,14:29:45.000,false,F,Sweden,Västra Frölunda,9.3,3.0,3.2,2.5,9.0
181,akilcoyne50,181.98.127.53,12:07:44.000,false,F,Sweden,Köping,2.8,1.8,8.5,1.9,7.2
182,kdelayglesia51,67.231.47.20,9:54:39.000,false,M,Sweden,Johanneshov,7.2,6.6,3.8,6.4,1.0
183,sitzkovitch52,187.11.151.248,7:22:30.000,false,M,Sweden,Gävle,6.8,2.1,6.4,8.5,9.3
184,vcroston53,36.178.92.156,6:48:40.000,false,M,Sweden,Svenljunga,2.7,7.8,6.3,9.1,6.5
185,cseden54,61.69.70.208,10:26:39.000,true,F,Norway,Tønsberg,5.4,7.3,6.1,3.8,5.5
186,ksuttaby55,0.218.175.36,9:27:46.000,false,M,Sweden,Värmdö,2.1,7.2,4.0,9.6,5.0
187,bfillary56,51.239.190.57,3:43:11.000,false,M,Norway,Steinkjer,5.7,8.0,9.4,4.2,8.4
188,gfairbard57,127.144.67.115,8:24:33.000,true,F,Norway,Oslo,3.6,1.8,6.8,2.6,3.7
189,ccofax58,50.181.14.66,17:06:19.000,false,F,Sweden,Tyresö,3.6,5.0,4.7,9.8,5.1
190,mjagger59,113.35.47.23,13:59:54.000,false,F,Sweden,Kungsör,4.2,2.0,4.2,7.6,5.7
191,rspeir5a,219.202.113.54,1:12:47.000,false,F,Sweden,Kävlinge,4.0,1.4,7.4,8.7,6.6
192,sfautly5b,17.91.90.69,23:10:43.000,true,F,Sweden,Osby,3.6,2.8,3.2,9.5,8.2
193,kpeter5c,67.160.174.207,16:15:28.000,true,F,Finland,Västanfjärd,6.3,7.8,5.4,1.6,7.6
194,calldridge5d,145.135.129.113,4:53:07.000,true,F,Finland,Nagu,5.9,6.7,1.1,5.6,1.8
195,cmccandless5e,41.132.186.69,21:40:32.000,true,M,Finland,Kiihtelysvaara,7.1,3.6,6.5,3.1,3.4
196,abustin5f,210.120.113.224,22:41:39.000,false,M,Sweden,Kristinehamn,4.6,8.9,7.1,3.8,2.4
197,pskittreal5g,232.163.132.36,14:00:02.000,false,M,Sweden,Borgholm,3.8,1.4,3.6,3.2,8.8
198,acockaday5h,200.228.194.34,18:48:16.000,false,F,Sweden,Gråbo,5.5,3.3,5.5,7.6,8.7
199,ostrood5i,7.146.148.231,5:05:23.000,true,F,Sweden,Huskvarna,9.9,8.7,5.5,9.0,6.1
200,clightbody5j,209.221.80.255,9:03:24.000,true,M,Sweden,Göteborg,9.1,9.7,8.6,2.5,8.6
201,mmanoch5k,219.216.64.133,11:36:25.000,false,F,Sweden,Kristianstad,8.0,5.7,8.6,5.5,1.1
202,gkilsby5l,189.59.163.98,2:56:24.000,true,M,Finland,Perho,5.2,6.0,7.8,2.8,7.1
203,mvaune5m,180.196.74.138,17:06:17.000,false,M,Finland,Ingå,6.1,4.3,1.6,9.3,4.3
204,lseamons5n,122.220.26.95,1:00:42.000,true,F,Norway,Bergen,9.3,9.8,6.1,3.7,2.8
205,cwolffers5o,107.176.109.92,7:57:11.000,true,F,Norway,Oslo,7.7,1.9,1.5,4.1,5.1
206,sskeffington5p,77.134.11.161,17:40:02.000,false,M,Norway,Steinkjer,3.7,1.8,7.0,4.0,8.1
207,cpardi5q,237.248.62.149,13:49:24.000,true,M,Sweden,Brunflo,7.6,8.0,6.2,4.3,7.2
208,awilloway5r,89.75.217.181,19:00:03.000,false,M,Sweden,Luleå,6.1,9.7,1.7,2.8,7.6
209,lnicholl5s,238.118.243.166,22:19:03.000,false,M,Sweden,Österbybruk,5.2,9.4,6.0,2.0,7.1
210,vwenman5t,38.86.208.46,10:51:44.000,true,M,Sweden,Göteborg,7.0,3.4,1.1,8.5,3.4
211,jsuarez5u,196.150.244.175,12:10:50.000,true,M,Sweden,Hyltebruk,5.3,5.9,7.6,4.3,4.0
212,rpolkinghorne5v,195.218.40.68,18:38:39.000,true,M,Sweden,Bollnäs,3.5,7.4,1.1,1.1,5.4
213,rasel5w,145.222.80.59,20:35:21.000,true,F,Finland,Kauhava,4.1,2.6,6.5,6.9,3.8
214,lgummoe5x,55.113.199.212,3:43:40.000,true,M,Sweden,Spånga,3.5,6.0,1.1,7.9,7.3
215,jdengate5y,131.241.27.210,14:29:35.000,false,M,Sweden,Norrköping,8.7,2.1,6.6,2.5,4.1
216,mwodeland5z,173.229.168.163,19:52:00.000,false,F,Sweden,Burträsk,4.1,5.9,8.9,1.5,9.2
217,dnucci60,219.212.52.123,21:16:06.000,false,F,Sweden,Laholm,5.5,3.3,2.8,6.5,8.5
218,asamsin61,186.21.225.170,15:54:23.000,false,F,Sweden,Kungsbacka,3.5,8.3,9.6,3.1,9.8
219,jvynall62,17.205.94.131,20:15:10.000,false,F,Finland,Kangaslampi,3.0,6.7,2.6,3.3,6.4
220,abeneix63,55.189.84.72,20:44:04.000,false,M,Sweden,Halmstad,9.0,8.8,1.5,8.2,4.0
221,jigounet64,26.33.189.232,12:57:27.000,false,F,Sweden,Sävedalen,5.2,8.9,3.0,1.0,6.7
222,lvictory65,222.147.214.180,11:22:24.000,false,F,Sweden,Fagersta,5.7,2.6,1.5,4.5,4.3
223,bgirardengo66,172.121.105.156,8:52:11.000,false,M,Finland,Kuhmoinen,8.3,8.5,2.7,3.1,6.5
224,bcough67,83.156.95.120,8:44:24.000,false,F,Finland,Porvoo,1.5,9.6,5.9,7.6,8.5
225,bgreeveson68,174.192.111.207,21:31:29.000,false,F,Sweden,Kristianstad,1.4,1.2,4.3,8.5,4.9
226,tderl69,19.97.81.32,10:04:51.000,false,M,Norway,Tromsø,2.0,5.0,4.1,4.2,3.7
227,aadamolli6a,229.131.203.102,4:59:10.000,true,F,Finland,Bennäs,9.9,4.2,5.6,6.9,6.4
228,pfaloon6b,234.216.234.97,5:23:23.000,false,M,Finland,Nastola,7.1,7.7,3.1,8.7,7.4
229,nyarnley6c,41.20.77.195,0:25:38.000,false,F,Sweden,Karlskoga,7.4,3.3,3.4,9.4,3.8
230,coselton6d,117.163.149.160,19:44:28.000,true,M,Sweden,Haninge,8.1,4.0,8.8,2.1,8.0
231,tmcbay6e,218.225.188.86,4:05:00.000,true,F,Sweden,Uppsala,9.9,7.6,3.5,5.2,6.7
232,ikempe6f,205.30.245.58,17:42:42.000,false,F,Finland,Malax,3.8,5.3,5.7,1.9,8.5
233,rgallaher6g,13.42.23.31,9:14:12.000,false,F,Sweden,Perstorp,8.0,2.7,7.9,9.4,6.0
234,alyven6h,144.148.9.51,9:38:09.000,false,M,Sweden,Stockholm,5.0,7.4,3.0,2.5,5.4
235,zlantry6i,33.251.108.226,10:32:09.000,true,F,Sweden,Tranås,2.8,9.0,5.4,7.7,7.4
236,mhuckabe6j,22.23.204.179,15:27:43.000,true,M,Finland,Pyhäranta,5.3,4.2,1.9,1.7,6.3
237,bluigi6k,220.228.52.27,18:09:56.000,false,M,Sweden,Visby,3.6,5.5,1.9,8.1,1.7
238,bgavey6l,182.24.75.251,22:01:31.000,true,M,Sweden,Lysekil,4.0,5.3,4.8,7.6,9.4
239,breeve6m,98.202.102.170,2:06:58.000,true,M,Sweden,Kristinehamn,6.1,3.9,1.9,6.5,4.0
240,zpinks6n,142.15.90.183,2:28:41.000,false,F,Sweden,Angered,4.6,2.3,4.6,3.5,9.7
241,tgodsafe6o,89.96.255.229,11:16:34.000,false,M,Sweden,Johanneshov,3.6,8.9,5.4,9.6,6.0
242,spryor6p,11.31.61.119,18:30:36.000,true,M,Sweden,Eksjö,8.6,4.0,2.6,8.9,9.1
243,cuff6q,188.225.129.253,1:12:41.000,true,F,Sweden,Angered,9.2,6.4,8.3,7.5,8.9
244,dizakson6r,94.221.194.174,5:21:06.000,false,M,Norway,Oslo,9.7,9.1,9.8,1.1,4.2
245,gcrouch6s,34.140.235.80,12:54:28.000,true,F,Finland,Nakkila,6.1,8.9,1.1,4.7,6.0
246,cprudence6t,154.127.98.148,11:54:21.000,false,M,Sweden,Bjuv,6.6,3.1,2.7,8.1,4.4
247,rbrundrett6u,204.4.142.212,5:19:59.000,false,F,Finland,Karkkila,4.9,6.7,8.8,9.8,3.6
248,fdrescher6v,117.135.37.182,14:48:36.000,false,M,Sweden,Ljungby,5.4,8.8,8.5,1.1,1.1
249,mswaddle6w,212.99.21.27,20:40:34.000,false,M,Sweden,Västervik,7.4,9.8,9.8,9.1,6.1
250,dpomery6x,126.236.145.125,9:59:51.000,true,M,Sweden,Täby,5.4,4.7,5.0,4.1,5.3
251,acasino6y,118.136.30.166,5:33:08.000,true,F,Denmark,København,4.2,4.8,9.9,2.3,3.2
252,bomand6z,21.98.80.48,10:37:32.000,false,M,Sweden,Sala,6.2,5.8,1.9,5.8,10.0
253,rknotton70,86.98.4.126,3:22:16.000,true,M,Norway,Moss,4.6,6.4,2.1,1.8,6.8
254,tschwant71,202.101.71.49,14:13:13.000,false,M,Sweden,Skene,2.0,4.2,4.9,3.1,8.9
255,efrake72,255.123.210.245,3:10:32.000,true,F,Denmark,København,5.6,7.4,3.0,7.9,3.3
256,lburtt73,121.116.36.36,11:57:45.000,true,M,Sweden,Götene,5.2,2.4,9.3,3.9,7.2
257,cverdy74,250.50.251.147,21:18:22.000,true,M,Norway,Oslo,9.0,5.3,8.0,6.0,2.5
258,sneil75,247.1.17.118,1:56:10.000,false,F,Norway,Oslo,6.4,6.0,10.0,1.8,2.0
259,htungate76,108.165.124.230,4:38:18.000,false,F,Sweden,Jönköping,8.9,7.7,4.0,1.7,9.6
260,lalexandre77,191.202.27.26,11:47:34.000,false,M,Sweden,Luleå,5.6,7.4,7.9,8.6,1.1
261,cflaubert78,165.24.190.92,5:54:01.000,false,M,Finland,Nurmo,2.7,2.1,7.4,6.1,4.5
262,mbarefoot79,189.15.51.215,3:36:33.000,false,M,Sweden,Domsjö,3.3,5.3,8.5,9.6,10.0
263,hmckeaveney7a,82.61.205.222,16:07:35.000,false,F,Sweden,Åmål,5.4,1.2,9.9,3.8,1.7
264,tlayfield7b,69.176.203.194,13:41:27.000,false,F,Sweden,Göteborg,2.1,4.0,8.3,5.2,3.4
265,aronisch7c,241.157.132.111,1:28:13.000,true,M,Finland,Artjärvi,2.2,1.1,7.3,8.1,9.2
266,yfranschini7d,87.114.64.72,15:10:09.000,false,M,Sweden,Kristianstad,3.5,8.7,4.0,2.0,3.5
267,rbuxton7e,216.235.46.50,2:13:17.000,true,M,Finland,Jurva,5.1,9.8,2.7,6.8,8.0
268,kdrache7f,20.126.120.116,8:32:07.000,false,M,Finland,Kiiminki,2.9,1.5,7.9,1.9,6.4
269,eperkinson7g,234.220.67.187,8:56:02.000,false,F,Sweden,Kolmården,3.5,7.4,2.1,2.8,8.7
270,bbladesmith7h,26.36.217.12,13:39:56.000,false,F,Sweden,Lomma,6.8,5.6,3.2,6.5,9.6
271,mhardi7i,139.53.0.114,11:56:21.000,true,M,Sweden,Stenungsund,2.5,7.2,9.7,4.0,4.8
272,jeyrl7j,178.87.149.163,15:13:22.000,false,M,Sweden,Falkenberg,5.9,8.6,2.7,2.0,6.1
273,sclewer7k,177.111.65.49,7:35:43.000,false,F,Sweden,Södertälje,2.0,6.2,9.3,1.2,8.2
274,gswindin7l,47.127.68.170,15:09:51.000,true,M,Norway,Molde,5.0,8.3,9.4,3.1,1.5
275,ledmeads7m,115.88.176.40,5:59:20.000,true,M,Sweden,Luleå,8.5,7.3,2.7,3.4,6.7
276,lughelli7n,172.242.174.125,12:06:45.000,true,M,Sweden,Göteborg,9.7,9.5,4.4,6.5,9.3
277,fmairs7o,62.140.218.93,1:20:41.000,false,F,Sweden,Nynäshamn,4.3,6.7,2.5,3.0,5.5
278,bculley7p,222.138.139.243,2:41:22.000,true,F,Sweden,Södertälje,7.7,5.1,3.5,3.1,2.9
279,gtyzack7q,120.4.240.249,22:05:04.000,false,M,Denmark,København,1.5,6.4,7.7,4.8,2.6
280,arymell7r,164.46.33.245,20:41:46.000,false,F,Sweden,Mjölby,7.4,7.3,5.8,5.3,6.0
281,eoswald7s,204.162.238.235,18:13:09.000,false,M,Sweden,Kalmar,8.1,4.7,1.1,3.6,1.0
282,dwimpenny7t,15.249.236.13,9:03:47.000,false,F,Sweden,Köping,3.2,9.2,2.2,9.5,1.6
283,mbenois7u,143.27.22.64,9:38:32.000,true,M,Sweden,Jönköping,4.2,2.1,3.0,5.0,2.1
284,hstratton7v,141.133.168.200,11:55:21.000,false,F,Finland,Muhos,5.9,9.4,8.8,7.0,1.7
285,dskinner7w,210.169.1.42,23:58:15.000,true,F,Finland,Perho,9.7,7.5,8.6,6.3,7.2
286,dsherme7x,3.43.48.223,0:45:28.000,true,F,Denmark,Frederiksberg,4.7,1.9,6.1,1.4,7.8
287,gropking7y,155.8.173.57,0:23:11.000,true,M,Sweden,Mölndal,4.5,6.9,4.6,4.6,2.9
288,hsante7z,219.85.197.106,22:47:39.000,false,F,Sweden,Alingsås,6.4,9.2,2.4,9.9,9.4
289,kwonham80,169.51.222.54,5:08:12.000,false,F,Norway,Isdalstø,5.7,6.1,1.2,6.0,7.3
290,hdaubney81,190.173.119.81,5:47:36.000,false,F,Sweden,Karlstad,1.9,9.0,2.5,7.7,3.4
291,kknowler82,6.88.252.237,22:16:46.000,true,M,Sweden,Göteborg,5.8,5.2,3.9,7.8,2.6
292,jtruelock83,98.210.208.236,0:39:32.000,false,M,Sweden,Umeå,5.5,6.5,5.4,3.7,8.1
293,mgirtin84,73.188.225.155,11:55:21.000,false,M,Finland,Kempele,8.6,6.9,4.6,3.9,5.7
294,nflores85,50.100.33.137,0:06:43.000,false,F,Finland,Pyhäsalmi,1.8,7.2,9.1,5.4,7.2
295,mshane86,189.130.78.164,10:51:13.000,false,M,Sweden,Umeå,5.0,9.4,9.0,3.8,9.1
296,tjerzykiewicz87,109.2.226.245,12:10:36.000,true,M,Sweden,Falun,8.5,1.9,2.1,8.8,6.4
297,vhaversum88,179.12.159.217,0:42:08.000,true,F,Sweden,Ljungby,9.5,6.2,1.7,1.2,3.0
298,mmcgriele89,42.211.168.229,13:00:31.000,false,M,Sweden,Sandviken,4.5,8.2,7.8,4.6,8.0
299,nlain8a,75.170.252.108,15:12:48.000,false,M,Norway,Fredrikstad,1.6,3.9,6.6,2.8,8.3
300,lchaudron8b,227.226.139.253,8:02:38.000,true,M,Sweden,Stockholm,8.6,2.1,4.5,9.2,5.4
301,maitkin8c,116.163.84.171,9:08:58.000,true,M,Sweden,Moholm,7.6,6.7,6.0,1.4,3.6
302,cgamil8d,164.224.64.238,18:31:25.000,true,M,Sweden,Solna,2.0,8.0,1.8,1.1,9.6
303,hforrestall8e,135.247.193.149,4:01:39.000,false,F,Sweden,Falun,1.6,6.9,4.3,3.4,1.0
304,akleinstein8f,139.216.146.86,16:36:44.000,false,M,Sweden,Åkersberga,2.8,8.8,6.8,4.0,3.6
305,fbahde8g,94.194.6.121,18:35:57.000,true,F,Sweden,Åtvidaberg,4.1,3.6,8.5,8.8,7.9
306,lewins8h,154.94.163.140,2:46:19.000,false,F,Sweden,Luleå,9.4,3.4,3.7,3.3,8.2
307,cparadise8i,174.74.255.191,15:30:37.000,true,F,Norway,Skien,2.7,6.9,7.7,4.0,4.7
308,dcorringham8j,187.139.168.248,16:57:44.000,false,M,Finland,Jäppilä,2.2,8.0,8.5,7.7,2.9
309,jbroderick8k,166.106.234.32,2:36:20.000,false,M,Sweden,Göteborg,9.5,3.7,3.6,3.0,4.1
310,hsefton8l,10.247.20.19,0:11:42.000,true,M,Finland,Utajärvi,3.7,3.8,6.2,4.3,4.5
311,efritzer8m,49.134.199.236,21:02:27.000,true,F,Sweden,Enskededalen,8.4,5.7,2.4,6.5,8.0
312,mcaustick8n,83.141.165.52,18:34:45.000,true,F,Sweden,Skene,9.8,5.7,9.4,1.3,5.4
313,jkorous8o,176.2.170.216,4:11:44.000,false,M,Sweden,Hudiksvall,4.8,1.2,9.5,3.4,2.9
314,ngumm8p,23.74.220.200,23:36:19.000,false,F,Sweden,Skinnskatteberg,2.7,1.8,5.7,4.0,1.6
315,mdulieu8q,233.75.113.151,19:07:48.000,true,M,Norway,Oslo,6.8,3.4,5.0,7.6,4.1
316,mhankard8r,152.58.226.168,8:04:04.000,true,F,Sweden,Simrishamn,8.0,4.7,2.7,8.3,5.5
317,mgristhwaite8s,48.75.221.193,14:28:13.000,true,M,Denmark,København,2.9,3.9,6.6,9.8,8.1
318,ieate8t,228.99.254.134,14:37:49.000,true,M,Sweden,Burträsk,3.1,5.8,5.4,8.2,4.4
319,acoveley8u,132.4.190.12,22:23:15.000,false,M,Sweden,Jokkmokk,1.2,9.3,1.1,8.6,4.2
320,pheaviside8v,80.202.193.251,18:35:33.000,false,M,Sweden,Uppsala,7.1,9.6,5.5,8.3,8.2
321,ltidmarsh8w,71.134.134.54,0:58:36.000,true,F,Sweden,Köping,4.7,7.2,9.3,7.5,7.0
322,jscatchard8x,192.115.161.138,16:47:20.000,true,M,Sweden,Söderhamn,6.2,6.4,2.5,6.9,8.4
323,llaffan8y,8.150.122.246,11:28:13.000,true,F,Finland,Kangasala,1.6,6.6,8.9,9.0,8.7
324,swhittock8z,82.90.50.0,12:30:13.000,false,M,Finland,Reisjärvi,4.2,4.0,5.2,6.2,9.0
325,kvowels90,68.183.169.227,12:45:04.000,false,F,Norway,Trondheim,5.0,7.5,5.1,5.5,2.8
326,trubroe91,88.11.188.37,18:25:16.000,false,M,Sweden,Huskvarna,6.4,4.7,1.6,6.7,5.5
327,cbaccas92,155.71.3.137,11:44:11.000,false,M,Finland,Paltamo,5.7,4.6,9.3,2.9,5.8
328,dwand93,142.10.138.104,2:39:46.000,true,M,Sweden,Linköping,2.0,4.3,1.3,5.7,3.4
329,mcockshut94,137.186.99.22,10:37:13.000,true,M,Sweden,Bollnäs,5.9,3.6,7.0,5.5,4.5
330,mninnis95,122.110.194.161,22:19:59.000,true,M,Finland,Nastola,8.9,6.0,4.3,3.8,1.7
331,fiuorio96,141.189.197.133,4:53:58.000,false,F,Sweden,Norsborg,8.4,7.9,7.7,2.3,6.9
332,dmartinson97,147.104.22.40,7:57:39.000,false,M,Sweden,Landskrona,5.0,1.8,9.0,9.9,5.9
333,mohoey98,236.161.97.178,13:16:33.000,true,F,Sweden,Södra Sandby,8.0,8.3,3.6,5.9,3.2
334,dbreede99,171.56.181.212,21:38:07.000,true,F,Sweden,Askersund,7.8,1.1,6.5,6.9,9.9
335,winnocent9a,250.71.50.77,15:30:54.000,false,F,Sweden,Laholm,1.6,6.1,1.8,3.9,9.6
336,bmarages9b,208.26.2.93,1:32:22.000,false,M,Sweden,Västervik,3.1,5.2,8.3,1.7,1.2
337,dwaine9c,202.83.15.84,20:05:03.000,true,F,Sweden,Sandviken,4.2,7.1,2.7,8.2,8.9
338,dbixley9d,254.235.82.66,12:40:59.000,true,F,Sweden,Stockholm,4.6,7.9,4.1,9.8,7.6
339,ayoules9e,73.153.184.92,15:31:15.000,true,M,Sweden,Västra Frölunda,2.4,5.6,3.9,6.2,8.8
340,mgoodacre9f,1.233.149.140,15:48:01.000,true,F,Sweden,Grästorp,2.2,3.1,8.3,1.1,3.6
341,gbobasch9g,213.224.235.163,22:26:18.000,true,F,Norway,Halden,1.6,2.9,9.2,4.5,4.1
342,sroderick9h,124.90.18.188,1:00:25.000,true,F,Sweden,Jönköping,2.3,1.4,8.9,2.9,2.6
343,hmarshfield9i,166.51.226.114,3:14:38.000,true,M,Sweden,Oskarshamn,4.3,8.6,2.2,1.3,4.1
344,bkolak9j,148.25.199.0,14:28:01.000,true,M,Sweden,Trollhättan,6.8,2.6,5.3,7.3,4.8
345,ewinchcum9k,22.122.20.43,21:35:39.000,false,F,Sweden,Tanumshede,1.2,7.5,3.6,7.4,8.7
346,llestrange9l,148.78.180.119,7:48:02.000,true,M,Finland,Karjalohja,9.3,9.0,6.1,7.5,2.2
347,chovert9m,165.245.169.141,7:14:41.000,true,F,Sweden,Sölvesborg,3.4,1.3,8.3,1.1,3.1
348,mgrishaev9n,198.103.0.63,9:57:53.000,false,F,Sweden,Hägersten,3.8,4.9,9.1,5.2,2.9
349,dkubasek9o,157.62.53.20,19:33:47.000,true,M,Finland,Masku,7.1,2.2,5.6,5.1,8.4
350,acrippill9p,41.233.227.67,14:41:23.000,false,M,Norway,Oslo,6.4,2.5,3.1,3.9,7.9
351,egronous9q,153.124.83.175,21:12:29.000,false,M,Norway,Oslo,8.8,6.7,2.9,8.8,4.5
352,wgosalvez9r,86.172.88.211,16:11:14.000,false,F,Sweden,Rönninge,3.3,9.5,3.0,3.4,1.9
353,kmahy9s,247.106.170.67,21:44:16.000,false,F,Sweden,Värnamo,2.4,1.3,9.3,9.3,1.2
354,aesposita9t,76.214.81.65,20:42:13.000,true,M,Finland,Iniö,3.6,2.6,1.7,3.5,8.6
355,jcaris9u,181.107.173.198,17:05:42.000,true,F,Sweden,Hägersten,5.4,7.4,9.1,1.6,8.7
356,pgadney9v,63.239.251.194,5:42:13.000,true,F,Sweden,Åkersberga,1.3,4.7,5.5,1.6,1.4
357,pbremmell9w,96.74.46.105,20:03:17.000,false,F,Sweden,Stockholm,4.6,7.3,1.9,2.2,6.4
358,gculwen9x,75.197.195.193,0:22:59.000,true,M,Sweden,Asarum,3.5,6.3,5.0,6.8,1.1
359,abritland9y,61.79.241.34,5:55:32.000,false,M,Sweden,Linköping,4.7,9.0,1.1,8.4,1.1
360,scrosseland9z,11.168.193.31,18:31:13.000,false,M,Finland,Hankasalmi,4.0,3.9,7.0,8.8,3.0
361,clouiseta0,89.120.134.62,6:12:45.000,false,M,Sweden,Södertälje,2.4,6.7,6.7,9.5,6.6
362,jmilburna1,53.102.20.202,3:26:33.000,true,F,Sweden,Kalmar,1.4,4.0,1.8,5.9,6.2
363,lvalslera2,125.56.16.0,16:28:11.000,true,M,Sweden,Solna,7.1,3.8,6.1,9.5,1.2
364,mtrencha3,150.41.218.222,3:45:34.000,true,F,Sweden,Karlskoga,3.2,5.4,3.3,6.5,1.8
365,dingleya4,178.51.0.199,11:57:39.000,false,F,Sweden,Storvreta,6.6,9.6,9.3,5.6,8.2
366,alowrancea5,226.220.214.123,0:36:16.000,false,F,Sweden,Örbyhus,7.9,5.3,8.8,8.0,1.0
367,cjoreaua6,69.76.23.52,7:38:24.000,true,F,Finland,Punkaharju,6.8,9.7,3.6,9.2,4.8
368,mesposia7,159.187.211.150,1:42:38.000,false,F,Sweden,Vällingby,5.2,7.3,3.1,9.6,2.5
369,adebeauchempa8,135.25.74.20,7:53:14.000,true,M,Sweden,Göteborg,2.1,9.8,8.9,7.6,6.9
370,mkummerlowea9,200.175.166.35,6:57:36.000,true,F,Denmark,København,8.3,5.6,8.8,8.8,2.2
371,nhellewellaa,121.36.92.129,14:43:34.000,true,M,Sweden,Lidingö,2.1,3.0,2.8,8.4,1.0
372,lbaldiab,17.114.200.24,21:01:28.000,false,M,Sweden,Stockholm,7.8,4.8,5.4,8.9,8.9
373,ufrostdykeac,70.188.36.145,6:02:33.000,true,M,Sweden,Horred,3.3,4.5,7.8,3.3,5.5
374,zhinrichsad,47.68.140.174,22:26:15.000,false,F,Sweden,Järfälla,4.3,1.9,3.8,5.2,9.0
375,fdottrellae,226.234.52.240,0:40:16.000,true,F,Sweden,Norrköping,6.7,2.7,6.4,7.9,4.7
376,fvescoviniaf,50.37.73.15,9:38:07.000,false,F,Sweden,Göteborg,1.9,3.7,1.1,6.1,2.5
377,cmaccaullag,85.130.211.68,7:15:36.000,true,M,Norway,Kristiansand S,9.8,3.1,9.7,6.8,2.5
378,mmcgoochah,30.40.241.73,23:29:11.000,false,M,Denmark,København,4.8,4.7,7.9,7.6,7.4
379,kespinozaai,37.69.107.113,22:58:41.000,true,M,Sweden,Ludvika,5.4,8.4,5.3,3.0,7.7
380,ahenrionotaj,43.234.61.253,14:55:00.000,true,F,Sweden,Söderhamn,5.7,5.3,5.4,3.5,3.3
381,hfaransak,46.97.150.235,2:27:58.000,true,M,Sweden,Kungälv,5.8,1.8,2.3,5.3,6.3
382,mclementeal,23.218.166.230,7:10:07.000,false,F,Sweden,Östersund,9.9,3.7,1.0,5.7,6.8
383,lcoghlanam,198.70.234.135,2:02:59.000,false,F,Norway,Ulset,2.3,4.7,4.0,5.2,4.6
384,crusselan,98.26.234.56,5:46:55.000,false,F,Norway,Oslo,4.2,8.8,5.6,7.0,3.8
385,sorumao,107.54.158.79,20:05:03.000,false,F,Sweden,Eskilstuna,8.7,3.7,8.7,2.3,7.4
386,cguitteap,122.197.148.30,18:24:03.000,true,M,Sweden,Visby,3.0,4.5,6.5,8.0,8.9
387,elantuffeaq,74.243.179.26,15:31:42.000,false,M,Sweden,Göteborg,7.5,5.3,8.8,2.6,4.7
388,sricoldar,243.26.45.226,5:21:55.000,false,M,Sweden,Kalmar,2.5,8.5,10.0,3.4,3.1
389,cguinnaneas,217.114.236.83,12:46:39.000,true,M,Finland,Pyhäjoki,5.8,3.9,1.7,6.4,7.9
390,ndouseat,255.177.210.168,1:42:25.000,false,F,Norway,Arendal,8.0,6.0,8.9,7.9,6.5
391,borcasau,12.101.17.2,4:40:37.000,true,M,Denmark,Frederiksberg,4.0,2.2,4.2,5.7,1.3
392,tfulbrookav,26.184.151.130,13:41:58.000,false,F,Denmark,København,3.2,6.1,6.1,6.9,3.9
393,deagaraw,170.182.139.52,8:01:40.000,false,F,Finland,Kalajoki,3.4,9.1,4.6,1.5,7.3
394,nmccromleyax,245.184.66.231,8:47:29.000,false,M,Sweden,Lycksele,6.6,4.2,9.3,4.1,3.1
395,adadeay,31.182.255.161,12:24:50.000,false,M,Sweden,Nacka,3.7,6.4,9.1,1.9,7.5
396,msailoraz,100.57.152.15,19:09:36.000,false,F,Finland,Kinnula,5.6,8.9,8.6,1.5,1.2
397,hlittefairb0,219.139.190.65,19:42:40.000,true,F,Norway,Oslo,3.9,1.9,3.6,8.1,7.9
398,cdammarellb1,167.143.78.7,1:22:30.000,false,M,Sweden,Hisings Kärra,9.7,5.0,10.0,3.1,5.7
399,wferroneb2,32.246.86.83,23:15:39.000,true,M,Sweden,Älvsjö,5.6,5.7,1.9,7.9,9.7
400,srosellib3,6.217.190.210,22:40:46.000,true,M,Sweden,Säffle,5.2,3.7,6.0,3.7,7.4
401,bseaborneb4,154.161.108.33,10:31:34.000,false,M,Sweden,Växjö,2.0,5.7,5.2,2.4,1.2
402,jhigginbottamb5,206.10.22.138,10:25:21.000,true,M,Sweden,Umeå,4.6,5.4,1.7,8.6,7.4
403,wgollardb6,106.38.92.208,6:10:30.000,false,M,Sweden,Värnamo,4.2,3.4,5.2,6.9,7.3
404,ksudronb7,81.153.207.249,13:01:33.000,false,M,Sweden,Värnamo,3.9,3.2,9.7,5.7,9.0
405,dosemanb8,194.101.227.57,19:33:09.000,true,F,Finland,Lappi,2.3,7.8,1.8,8.2,2.8
406,icurnuckeb9,95.168.75.57,4:46:24.000,true,F,Norway,Porsgrunn,5.1,4.9,5.0,9.0,2.6
407,wburwinba,52.202.170.85,16:26:22.000,false,M,Sweden,Borgholm,2.3,4.9,2.5,4.5,7.8
408,sletixierbb,115.231.6.24,15:04:50.000,false,M,Sweden,Solna,8.9,6.8,5.0,1.3,9.1
409,mblaydbc,237.5.38.215,17:44:28.000,false,F,Sweden,Nynäshamn,4.7,6.6,5.4,7.9,3.9
410,kcogmanbd,120.110.177.140,20:59:28.000,false,M,Sweden,Kalmar,6.0,5.2,4.2,4.7,4.3
411,mansteadbe,8.42.180.36,20:47:46.000,true,M,Sweden,Kopparberg,2.2,2.3,4.5,9.7,1.9
412,wigounetbf,120.34.149.121,10:34:18.000,false,M,Sweden,Skellefteå,1.4,8.3,2.6,1.4,6.3
413,rphillerbg,149.242.29.186,15:45:07.000,true,F,Finland,Liperi,7.9,2.7,7.2,3.6,8.5
414,mchapellowbh,50.92.247.10,13:57:51.000,false,M,Finland,Jäppilä,6.1,7.5,5.7,3.5,1.4
415,fmorfieldbi,85.78.146.139,9:16:46.000,true,M,Sweden,Stockholm,9.0,3.4,3.2,4.4,9.0
416,dmacinnesbj,73.213.190.207,22:35:29.000,false,F,Norway,Bergen,8.4,2.5,2.2,3.5,7.2
417,mhathornbk,105.253.41.129,4:11:08.000,true,F,Sweden,Norrtälje,9.0,1.8,9.9,9.8,9.7
418,gprescotbl,90.128.210.48,14:24:57.000,true,M,Finland,Tuusula,7.6,3.8,1.4,9.0,7.9
419,dcrosgrovebm,110.225.238.62,7:45:26.000,false,F,Norway,Oslo,3.6,5.5,6.7,6.7,5.4
420,wblomefieldbn,51.133.179.155,16:41:51.000,true,M,Sweden,Bromma,6.0,4.9,7.1,9.3,9.2
421,bparkeybo,205.108.238.233,15:39:28.000,true,M,Sweden,Kalmar,5.2,3.7,9.4,6.9,6.1
422,hkattebp,80.189.0.138,10:35:55.000,false,F,Finland,Orimattila,8.4,3.6,2.9,3.5,1.5
423,bberginbq,9.181.194.112,17:33:56.000,false,M,Sweden,Norsborg,7.2,1.0,6.6,1.0,9.0
424,hsaphirbr,194.235.128.201,1:07:15.000,false,F,Sweden,Uppsala,3.9,3.0,2.7,8.2,1.4
425,fbreffitbs,233.50.187.69,13:57:47.000,false,M,Sweden,Norrköping,3.4,4.7,8.4,8.3,2.7
426,vsandelsbt,108.78.116.177,2:20:19.000,true,F,Sweden,Norrtälje,7.3,6.2,9.1,3.0,9.0
427,dmcgibbonbu,221.211.111.158,9:40:35.000,true,F,Sweden,Stockholm,4.7,1.7,1.9,2.2,2.8
428,jpatnellibv,248.17.92.26,17:38:25.000,false,F,Sweden,Göteborg,3.4,2.3,5.4,9.2,7.3
429,emacfarlanebw,252.23.137.38,13:05:51.000,true,F,Norway,Oslo,9.2,9.5,1.8,6.3,4.2
430,dpennellbx,196.154.182.248,19:41:24.000,false,M,Norway,Oslo,1.7,8.9,4.7,2.7,3.8
431,lollandby,56.254.97.60,15:31:25.000,false,F,Finland,Taipalsaari,5.2,9.7,8.2,4.0,9.7
432,sveeversbz,211.209.175.197,2:10:22.000,true,M,Sweden,Vänersborg,2.5,9.2,6.6,1.8,1.6
433,ghousecroftc0,16.123.215.233,10:01:22.000,true,M,Sweden,Hagfors,6.5,9.6,2.6,3.3,9.1
434,aadrianic1,201.199.65.26,8:55:03.000,true,F,Sweden,Stockholm,3.2,4.1,7.3,4.4,6.4
435,nkirschc2,166.228.13.12,3:20:38.000,true,F,Sweden,Södertälje,1.9,3.5,3.7,2.0,4.4
436,abyfieldc3,26.165.50.176,3:33:11.000,true,F,Sweden,Norberg,2.2,3.9,9.8,7.6,6.9
437,arubicac4,217.150.12.108,14:32:14.000,false,F,Sweden,Karlshamn,5.9,6.1,9.5,9.2,9.2
438,hchifneyc5,253.238.127.2,9:40:26.000,true,M,Sweden,Örebro,3.9,9.3,9.6,4.7,8.1
439,amechemc6,103.225.197.19,20:28:37.000,false,M,Denmark,København,8.1,5.6,8.6,3.0,6.7
440,tweddeburnscrimgeourc7,20.16.231.78,22:14:55.000,false,M,Sweden,Strängnäs,5.6,7.1,8.7,9.7,4.0
441,rpoolyc8,187.102.201.224,19:32:43.000,false,F,Sweden,Skövde,3.4,9.5,8.9,1.8,5.7
442,cjanotac9,192.147.26.166,2:57:13.000,false,F,Sweden,Habo,7.4,7.1,1.9,8.7,6.9
443,akirsteinca,216.50.226.123,4:36:27.000,false,M,Sweden,Täby,1.9,8.7,4.4,4.3,9.0
444,nharraldcb,182.85.37.69,19:05:54.000,true,F,Finland,Savitaipale,4.3,7.9,9.2,4.2,5.3
445,dwartoncc,78.69.225.101,3:06:46.000,true,F,Finland,Iitti,7.1,4.6,2.2,7.7,3.9
446,aswaloughcd,9.70.211.214,8:56:41.000,true,F,Finland,Lavia,8.8,8.1,6.5,4.6,8.2
447,cimisonce,15.166.179.79,22:12:53.000,false,F,Finland,Rautjärvi,5.8,2.2,4.7,8.7,4.5
448,imcenerycf,23.54.82.62,5:19:11.000,true,M,Sweden,Falun,9.8,4.1,9.3,2.5,9.4
449,uposnercg,123.102.86.20,23:02:23.000,false,F,Sweden,Göteborg,9.1,3.3,6.9,5.5,1.6
450,aeannettach,9.53.6.56,18:48:41.000,false,M,Sweden,Enskede,9.2,1.1,4.1,1.4,8.8
451,hpattenci,70.141.116.2,2:23:52.000,true,M,Sweden,Stockholm,4.6,4.3,6.4,9.1,9.2
452,bborrowmancj,251.22.181.100,15:22:00.000,true,M,Sweden,Göteborg,4.6,3.2,5.8,8.2,6.6
453,vaskemck,119.176.251.230,22:32:12.000,true,F,Sweden,Nora,9.0,2.5,4.1,3.2,8.0
454,fcowupcl,200.113.232.39,10:14:47.000,false,F,Sweden,Falun,2.2,5.0,7.3,10.0,4.3
455,glackcm,45.55.161.56,23:52:11.000,true,M,Finland,Vihti,5.1,9.9,7.0,2.4,6.1
456,bdunniomcn,243.91.84.232,21:16:56.000,false,M,Norway,Oslo,8.8,5.0,3.3,4.4,9.6
457,rtrevershco,37.112.99.218,6:41:23.000,true,M,Sweden,Svalöv,3.4,5.9,4.4,6.1,5.4
458,erosengrencp,44.118.94.91,17:09:02.000,true,M,Sweden,Klippan,9.0,2.4,5.2,6.2,1.9
459,chinzercq,243.219.103.33,11:02:03.000,true,F,Sweden,Kungsör,7.4,1.3,6.6,6.5,5.8
460,hjollandcr,149.193.30.245,11:33:49.000,true,F,Sweden,Tyresö,8.0,2.3,1.2,2.0,4.0
461,dbourdoncs,213.1.36.240,2:43:01.000,false,M,Sweden,Luleå,3.4,8.4,7.2,7.7,3.0
462,ahackneyct,221.141.218.113,21:22:49.000,true,F,Norway,Oslo,7.6,4.8,2.6,1.8,3.7
463,lsongercu,71.144.208.156,4:21:22.000,false,M,Sweden,Värnamo,4.8,3.7,2.8,3.1,6.7
464,yfullstonecv,241.255.173.81,3:12:28.000,true,M,Norway,Oslo,9.1,9.6,1.1,9.3,2.2
465,yjarmainecw,40.182.43.177,21:28:33.000,false,F,Sweden,Hofors,7.4,7.5,6.5,6.1,1.2
466,elewknorcx,33.201.213.233,22:50:59.000,false,M,Norway,Oslo,8.7,9.3,9.8,9.0,7.2
467,cstroyancy,117.2.117.19,17:05:27.000,false,F,Sweden,Norrtälje,1.6,1.9,1.9,3.0,5.5
468,esallariecz,95.70.164.213,9:50:09.000,false,F,Sweden,Stockholm,7.5,1.8,8.2,1.2,9.4
469,vtownsleyd0,70.108.29.47,18:27:47.000,true,M,Sweden,Åhus,1.4,6.9,3.9,1.9,6.4
470,landrolettid1,218.177.210.247,21:56:45.000,false,F,Sweden,Falun,4.0,7.8,3.7,6.7,2.8
471,eparlotd2,181.108.24.17,9:13:29.000,true,F,Sweden,Herrljunga,2.1,4.3,2.5,9.3,3.4
472,sdredged3,68.144.49.27,8:41:36.000,false,F,Finland,Kokemäki,1.1,3.2,6.4,4.4,5.4
473,nstrangmand4,82.3.236.184,3:34:42.000,false,M,Sweden,Avesta,4.0,5.7,8.4,3.7,3.2
474,qmcdougaldd5,166.177.120.212,21:25:49.000,true,M,Sweden,Solna,6.4,2.1,7.7,6.7,3.9
475,hbussond6,104.61.10.125,15:43:57.000,false,M,Sweden,Eskilstuna,6.0,9.2,8.1,8.8,6.5
476,sphilippaultd7,37.205.30.56,11:41:24.000,true,M,Finland,Kylmäkoski,6.5,9.6,4.0,2.8,5.7
477,tkahand8,154.174.218.246,17:19:46.000,false,F,Sweden,Vänersborg,4.2,1.2,1.7,7.5,9.8
478,tgeekied9,74.143.67.120,12:12:25.000,true,M,Finland,Parikkala,6.8,4.9,3.1,5.7,7.5
479,ldaburnda,93.24.178.197,6:50:09.000,true,F,Sweden,Älvsjö,2.8,2.0,7.3,1.7,6.5
480,hstrattondb,118.0.213.47,18:07:52.000,true,M,Sweden,Lomma,7.0,6.0,7.4,1.8,5.4
481,rheusticedc,39.142.63.231,1:00:33.000,true,M,Denmark,København,5.1,2.1,4.3,3.3,8.5
482,gfauxdd,151.27.198.123,12:58:44.000,true,F,Sweden,Trosa,9.4,9.4,1.1,1.3,5.1
483,roffilerde,161.154.184.21,16:34:09.000,false,M,Finland,Kälviä,6.4,6.7,3.3,5.8,3.1
484,kmachostiedf,225.92.185.38,20:17:56.000,false,M,Sweden,Vällingby,6.8,4.8,5.5,8.9,4.1
485,csnuggsdg,106.11.185.93,21:42:30.000,true,F,Sweden,Sävedalen,8.5,5.6,8.8,4.0,1.5
486,twastiedh,128.177.163.76,15:35:39.000,false,F,Finland,Koukkuniemi,5.7,6.5,5.2,9.2,1.9
487,ckettledi,120.216.103.120,4:47:17.000,true,M,Sweden,Örnsköldsvik,7.0,1.9,3.5,3.3,8.5
488,myaakovdj,132.251.64.102,18:13:07.000,true,F,Sweden,Sollebrunn,2.9,2.1,5.7,2.5,1.1
489,icoulthartdk,140.232.78.50,3:53:16.000,true,M,Sweden,Norrköping,2.4,3.4,3.4,3.3,1.2
490,cnannizzidl,215.180.203.131,23:46:20.000,true,F,Norway,Oslo,6.6,9.5,9.0,4.2,1.4
491,lcarrolldm,99.121.230.215,17:59:02.000,false,F,Sweden,Östersund,6.5,8.8,9.0,6.8,5.0
492,xaddiedn,71.6.73.12,21:46:05.000,true,F,Sweden,Kungsbacka,5.9,8.5,6.6,3.8,7.2
493,oroberdsdo,210.255.116.232,3:13:29.000,false,F,Sweden,Oskarshamn,3.6,6.9,7.1,9.2,9.5
494,bcostigandp,28.226.23.85,4:34:59.000,true,F,Sweden,Södertälje,6.0,3.6,5.2,8.8,9.5
495,ofrickedq,76.96.61.110,1:23:22.000,false,F,Sweden,Ljungskile,5.1,2.2,3.8,8.8,7.5
496,ypellewdr,199.76.148.252,21:23:09.000,false,M,Sweden,Stockholm,6.2,1.4,5.8,1.3,1.8
497,rbrothertonds,25.156.78.36,15:49:29.000,true,F,Sweden,Vänersborg,6.5,3.4,1.8,3.6,9.7
498,lcawtheradt,7.79.219.247,21:00:06.000,true,M,Sweden,Umeå,3.0,7.5,3.2,2.1,7.8
499,lritchleydu,17.145.3.15,1:41:58.000,false,F,Denmark,København,2.0,3.9,3.5,9.0,2.4
500,gsommerleddv,111.154.164.69,10:56:53.000,true,M,Finland,Jäppilä,8.4,1.4,3.5,1.2,5.7
501,dpruedw,182.254.72.172,22:38:21.000,true,F,Sweden,Älvsbyn,8.9,1.3,3.2,8.6,4.9
502,nklimptdx,110.90.163.252,12:03:47.000,true,M,Finland,Sumiainen,4.5,3.7,2.1,8.5,9.9
503,slymerdy,200.164.216.90,8:00:05.000,false,F,Sweden,Täby,9.5,1.1,9.6,7.6,4.4
504,kdilnotdz,100.113.96.34,13:33:07.000,false,F,Sweden,Västerås,7.6,7.7,7.3,4.6,2.2
505,ccavelle0,24.78.193.80,18:47:14.000,false,M,Sweden,Trollhättan,9.5,6.8,5.8,9.8,1.1
506,asoltane1,136.38.184.21,16:27:26.000,false,F,Sweden,Flen,3.1,6.8,9.8,9.6,8.2
507,npalphreymane2,60.194.227.192,20:26:33.000,false,M,Sweden,Växjö,8.9,1.8,7.8,4.7,1.7
508,cpielle3,243.102.87.127,11:48:46.000,false,M,Sweden,Tierp,4.4,9.3,9.0,4.2,9.2
509,jcavane4,190.0.128.231,4:43:28.000,true,M,Sweden,Tumba,9.4,8.4,1.4,7.2,7.1
510,bgillicee5,139.0.231.85,4:56:10.000,true,F,Sweden,Mörrum,8.7,5.7,9.0,5.7,4.3
511,spottiee6,95.217.199.45,17:04:54.000,true,F,Sweden,Vällingby,6.8,5.7,5.0,7.8,2.0
512,bedlingtone7,8.181.198.82,14:33:58.000,false,F,Sweden,Älvsjö,8.6,9.0,3.1,5.1,3.1
513,nsirettee8,167.42.15.81,13:51:17.000,false,M,Finland,Taipalsaari,4.6,9.3,6.8,1.3,9.4
514,fpiddicke9,8.41.182.184,13:04:57.000,true,F,Norway,Hamar,1.8,7.6,1.2,9.1,2.6
515,blyttleea,171.195.160.232,9:09:31.000,false,M,Sweden,Värmdö,4.3,8.5,4.9,4.1,6.2
516,mcappelleb,35.32.65.228,14:41:22.000,true,F,Sweden,Skövde,3.7,1.6,1.6,6.5,6.5
517,foconcannonec,12.236.206.82,7:10:15.000,true,M,Norway,Tromsø,9.0,5.3,8.6,9.4,3.4
518,srobinetted,188.197.22.100,8:42:04.000,true,F,Sweden,Eksjö,8.4,1.9,8.6,1.4,6.4
519,ravramowee,47.155.21.157,20:20:01.000,true,M,Sweden,Mönsterås,2.4,5.5,7.9,4.0,6.4
520,vfranzottoef,11.176.44.61,22:27:15.000,false,F,Norway,Oslo,3.2,5.2,3.1,3.8,7.7
521,ghuffyeg,68.111.150.112,7:02:29.000,false,F,Finland,Pöytyä,3.1,7.5,4.1,7.0,6.7
522,rellardeh,203.254.187.60,0:57:54.000,false,F,Sweden,Umeå,6.8,5.0,3.2,8.6,3.8
523,santonelliniei,229.15.217.156,8:15:00.000,false,M,Sweden,Borås,5.8,1.1,9.9,7.8,6.5
524,divanej,207.26.113.208,1:04:59.000,true,M,Sweden,Karlstad,7.8,8.6,5.1,1.5,7.5
525,sgatecliffeek,13.103.178.144,4:12:16.000,true,M,Sweden,Eksjö,8.9,6.5,4.0,6.0,9.3
526,bsilcoxel,131.82.55.222,11:42:18.000,true,M,Norway,Oslo,9.6,5.2,5.3,9.7,7.8
527,nsneezemem,16.18.176.119,19:47:40.000,true,M,Sweden,Boxholm,8.5,3.9,2.9,8.0,6.7
528,camsbergeren,174.16.235.29,4:20:05.000,false,M,Sweden,Jönköping,8.5,9.2,3.5,1.8,5.3
529,jmatousekeo,43.37.181.255,14:44:18.000,true,M,Sweden,Stockholm,8.6,6.8,1.6,7.6,3.9
530,lsylettep,176.162.50.199,17:51:59.000,true,M,Sweden,Åkersberga,4.2,8.0,6.5,7.1,6.8
531,gsparshetteq,151.106.205.32,15:06:16.000,true,F,Finland,Marttila,1.2,5.8,1.2,2.1,3.9
532,bdaveraner,151.237.227.182,23:05:55.000,true,M,Sweden,Skellefteå,8.3,8.4,9.1,4.3,4.0
533,etathames,147.245.198.21,6:29:44.000,false,F,Sweden,Umeå,5.0,4.4,4.0,5.5,3.2
534,bhealeyet,217.197.127.14,12:07:48.000,true,F,Sweden,Huddinge,8.7,4.2,6.1,9.6,4.3
535,cbambrugheu,27.199.135.210,7:06:14.000,false,M,Sweden,Rönninge,2.9,3.0,3.5,9.2,4.5
536,tcorderoyev,146.173.76.242,5:45:16.000,false,F,Sweden,Umeå,7.7,7.8,8.1,6.4,1.6
537,elagneew,143.0.102.31,22:24:57.000,false,F,Sweden,Stockholm,4.8,4.0,3.2,4.5,8.5
538,ffealyex,118.248.208.23,15:52:29.000,true,M,Sweden,Timrå,3.2,5.4,9.8,1.4,7.2
539,etitfordey,182.44.81.122,16:04:35.000,true,F,Sweden,Sundsvall,6.9,7.5,4.2,9.1,3.5
540,shamssonez,206.152.3.5,15:34:10.000,false,F,Sweden,Örnsköldsvik,4.6,2.2,7.6,4.7,3.1
541,mcarnihanf0,7.220.226.119,5:55:58.000,true,F,Sweden,Helsingborg,1.4,1.1,3.9,4.2,9.2
542,kwilsonef1,20.6.208.180,1:38:52.000,false,F,Finland,Kalvola,4.7,1.4,7.4,1.7,1.6
543,colahyf2,103.235.240.31,2:44:29.000,false,M,Sweden,Hägersten,2.8,4.5,9.6,7.8,7.8
544,tsalvidgef3,54.242.58.232,1:50:22.000,false,F,Sweden,Färjestaden,3.7,6.2,9.7,8.3,2.9
545,ewindibankf4,63.1.221.238,19:03:41.000,false,F,Sweden,Kolmården,6.9,8.2,1.1,8.8,7.1
546,halexandrouf5,153.165.177.153,23:30:53.000,true,F,Norway,Fauske,9.3,5.8,4.2,2.7,7.0
547,chatwellsf6,216.93.18.121,14:49:27.000,false,M,Sweden,Luleå,8.3,3.0,7.4,2.3,4.0
548,ltoffolinif7,125.171.254.88,15:56:45.000,true,F,Sweden,Östersund,8.6,6.2,4.1,7.7,3.9
549,mstennesf8,33.16.213.163,15:07:23.000,true,M,Sweden,Sundbyberg,5.5,5.5,8.7,1.9,4.6
550,rbelsonf9,65.169.77.54,11:47:26.000,true,F,Norway,Molde,3.6,1.2,2.0,4.3,9.2
551,agostridgefa,97.206.123.21,7:53:31.000,false,F,Norway,Oslo,9.7,5.5,1.1,7.3,2.7
552,tentwistlefb,173.35.122.166,18:49:20.000,true,F,Finland,Askainen,7.9,3.6,4.5,8.0,6.2
553,mahlinfc,70.230.58.123,0:28:55.000,true,M,Sweden,Skellefteå,3.5,3.2,3.0,5.9,6.6
554,alittlechildfd,26.250.58.235,6:04:05.000,true,M,Sweden,Svedala,4.3,3.9,7.8,5.5,8.9
555,dandrinfe,12.235.227.7,8:23:32.000,true,F,Norway,Fredrikstad,2.4,2.5,6.4,6.8,6.0
556,aferneleyff,108.44.87.51,12:52:38.000,true,F,Sweden,Stockholm,7.1,9.8,1.3,7.2,4.4
557,kkeavesfg,255.228.228.106,10:57:59.000,false,F,Sweden,Västerås,5.7,1.2,2.3,7.3,8.1
558,vhepherfh,209.79.205.194,15:19:27.000,true,M,Sweden,Lerum,7.2,5.7,1.2,9.4,4.9
559,bendicottfi,160.5.56.10,7:23:55.000,true,F,Sweden,Helsingborg,9.6,9.5,9.5,7.4,6.4
560,lbraddenfj,246.21.33.134,14:32:04.000,false,F,Norway,Trondheim,8.9,3.6,9.3,8.3,9.1
561,sgourliefk,159.198.112.86,8:39:05.000,false,M,Sweden,Motala,4.4,4.2,6.3,6.8,8.1
562,gfeldbaufl,19.238.108.109,14:46:35.000,true,M,Finland,Tuusula,2.9,9.3,10.0,6.8,8.8
563,ssprostonfm,183.8.25.63,21:58:08.000,true,M,Norway,Oslo,6.4,7.5,5.3,3.9,9.4
564,fkliemannfn,187.227.6.112,18:24:04.000,true,F,Norway,Oslo,1.3,3.7,4.0,9.9,2.0
565,smowdayfo,38.159.206.141,1:25:41.000,true,M,Sweden,Vikbolandet,7.9,9.1,7.1,9.9,2.7
566,adobbyfp,238.76.55.38,2:34:17.000,false,F,Sweden,Jönköping,6.9,1.9,5.1,8.1,2.8
567,gstaplefordfq,3.159.237.221,13:26:33.000,true,M,Sweden,Borås,3.0,9.1,1.5,1.6,2.0
568,fmoncurfr,88.22.225.155,10:32:06.000,false,F,Finland,Tampere,3.0,9.3,9.1,5.5,4.1
569,kblakerfs,181.36.140.164,23:52:42.000,false,M,Sweden,Stockholm,6.2,3.2,5.8,1.1,9.2
570,aborsayft,101.2.230.8,5:42:09.000,false,M,Sweden,Kristinehamn,8.7,2.8,5.4,9.9,8.9
571,daylmorefu,54.161.125.152,13:39:35.000,false,M,Denmark,København,5.0,7.0,4.3,2.7,9.9
572,tdenmanfv,251.98.179.1,6:39:40.000,true,F,Finland,Koukkuniemi,10.0,6.8,6.4,4.3,2.1
573,lcoattsfw,191.19.187.113,21:58:26.000,false,M,Denmark,København,9.7,6.2,9.9,9.2,8.9
574,jastridgefx,97.182.97.22,19:45:41.000,false,F,Sweden,Enköping,8.5,6.4,7.4,6.8,2.1
575,doherlihyfy,53.12.90.232,12:40:07.000,true,F,Sweden,Karlskoga,8.5,8.7,5.2,1.6,9.8
576,cevershedfz,235.164.12.223,5:40:24.000,false,F,Sweden,Göteborg,8.9,2.3,9.1,9.2,6.4
577,akennifeckg0,139.7.44.62,23:41:15.000,false,F,Sweden,Vargön,5.5,8.5,3.0,4.1,9.1
578,vcharnockg1,202.159.50.65,13:29:54.000,false,M,Sweden,Trelleborg,1.1,2.8,7.7,7.2,4.6
579,mbasillg2,46.127.126.88,0:44:46.000,false,M,Sweden,Linköping,3.5,6.1,7.3,6.3,7.9
580,bvidag3,91.27.94.91,1:05:25.000,true,M,Norway,Trondheim,9.7,3.5,1.8,3.7,8.2
581,malmang4,188.117.138.79,14:53:37.000,false,F,Sweden,Västerås,6.7,8.4,7.9,1.3,2.5
582,gsommervilleg5,29.219.192.190,18:49:26.000,false,F,Sweden,Stockholm,5.0,5.1,6.6,1.4,1.1
583,dkadwalliderg6,105.46.86.77,2:03:51.000,false,F,Sweden,Johanneshov,3.2,6.0,6.2,3.3,8.8
584,msigng7,137.109.224.183,21:43:23.000,false,M,Finland,Nakkila,5.3,6.2,4.5,9.1,5.4
585,bfeaviourg8,187.251.9.220,18:14:51.000,true,M,Sweden,Smedjebacken,2.0,6.6,3.4,1.4,4.3
586,sruppeleg9,18.50.194.184,10:06:50.000,true,M,Sweden,Solna,7.8,5.9,5.8,5.0,6.6
587,cbothramga,166.15.122.207,19:29:27.000,true,M,Sweden,Västerås,4.9,7.2,6.2,5.8,9.5
588,hcanegb,131.214.38.105,4:26:40.000,true,M,Norway,Oslo,4.7,5.3,6.1,7.5,1.8
589,wpiffegc,211.152.150.101,12:22:54.000,false,F,Denmark,København,4.2,2.1,7.7,4.8,9.4
590,gsterzakergd,214.245.246.241,4:08:13.000,true,F,Denmark,København,5.1,5.5,6.9,5.6,4.6
591,kleggettge,20.115.20.223,6:16:44.000,true,M,Sweden,Rättvik,4.5,8.3,7.5,10.0,9.3
592,rmattecotgf,102.235.12.102,4:37:25.000,true,F,Sweden,Kista,7.1,5.3,4.0,5.2,1.6
593,igloyensgg,83.74.205.103,9:32:45.000,true,F,Sweden,Lindome,4.7,1.2,7.9,2.3,9.2
594,elebretondelavieuvillegh,90.43.52.41,10:29:48.000,true,F,Finland,Kuhmo,5.1,4.9,2.0,5.5,5.1
595,cdemichelegi,204.236.200.217,17:34:23.000,false,M,Norway,Skien,4.2,6.1,6.5,2.3,1.3
596,fpetrovskygj,240.196.83.202,13:39:37.000,true,F,Norway,Oslo,1.5,3.9,6.1,6.9,9.7
597,fnewburygk,134.191.10.171,9:04:20.000,true,F,Finland,Mouhijärvi,2.4,2.1,3.0,6.6,4.2
598,slawesgl,116.150.238.180,16:29:33.000,true,F,Sweden,Haparanda,4.2,2.2,3.4,1.1,9.2
599,aemnoneygm,241.187.45.242,5:57:02.000,false,M,Norway,Oslo,8.9,4.0,2.4,2.1,8.2
600,hsimpolegn,221.118.238.235,8:44:19.000,true,F,Finland,Renko,1.4,4.5,7.5,3.2,1.2
601,sgusneygo,12.218.150.105,7:43:13.000,true,F,Norway,Stavanger,4.0,4.1,6.4,8.6,8.9
602,cmccoidgp,239.133.216.197,16:20:17.000,false,M,Norway,Moss,4.3,8.7,7.5,5.5,4.0
603,gcotteygq,109.213.221.67,3:37:34.000,false,F,Sweden,Strängnäs,6.2,5.8,1.8,1.2,2.7
604,rgrenshielsgr,60.205.205.135,18:39:24.000,true,M,Sweden,Töreboda,6.4,8.9,4.3,3.1,3.4
605,mzoellnergs,6.13.129.124,14:59:09.000,true,F,Norway,Stavanger,6.1,4.7,5.9,2.3,2.6
606,hdedneygt,240.116.85.143,15:22:59.000,true,F,Norway,Haugesund,8.5,5.4,9.7,6.1,7.9
607,dbuffgu,64.219.22.134,22:23:16.000,true,M,Norway,Bergen,3.9,9.7,6.4,4.9,8.7
608,lavogv,208.94.95.203,8:16:01.000,true,F,Sweden,Lidköping,4.6,6.7,1.7,4.7,7.2
609,kjasikgw,25.187.167.252,5:00:04.000,true,M,Sweden,Bandhagen,6.2,9.7,3.5,4.2,3.1
610,atavnergx,242.77.103.146,21:45:20.000,true,M,Sweden,Lindesberg,1.8,8.1,6.0,4.6,5.3
611,ascohiergy,65.10.85.108,21:48:25.000,true,F,Sweden,Sundsvall,2.1,1.5,9.7,4.9,3.4
612,sbrantongz,96.141.126.90,10:09:26.000,false,M,Sweden,Luleå,1.5,2.5,8.1,9.7,6.6
613,asmytheh0,74.226.173.248,17:02:58.000,true,M,Norway,Ålesund,8.1,9.4,4.5,8.2,6.8
614,xyearronh1,185.30.175.117,2:11:07.000,false,F,Norway,Stavanger,5.5,2.5,8.3,7.0,3.7
615,lgeggush2,170.225.22.101,5:45:05.000,false,F,Norway,Bergen,3.2,8.4,4.9,7.2,2.5
616,fpetelh3,156.123.254.38,23:21:14.000,false,M,Finland,Kontiolahti,7.4,8.7,6.5,4.6,9.4
617,fgalvinh4,111.191.61.1,9:19:13.000,false,M,Denmark,København,2.2,5.7,9.1,6.9,9.3
618,scupitth5,166.101.7.35,15:52:54.000,false,F,Sweden,Eskilstuna,2.4,2.9,4.9,6.6,1.7
619,sgorryh6,89.6.80.202,5:23:04.000,true,M,Norway,Moss,3.1,8.7,4.8,6.1,3.9
620,cvolageh7,68.2.164.87,12:12:21.000,false,M,Sweden,Örebro,4.9,6.3,9.0,2.5,2.9
621,adellcasah8,198.207.202.193,8:53:43.000,false,M,Sweden,Bandhagen,9.7,9.2,3.4,1.7,9.0
622,ksweetenh9,207.110.84.86,3:44:29.000,false,F,Sweden,Västerås,3.7,8.3,2.7,4.7,5.0
623,afairbourneha,137.32.177.102,9:34:19.000,true,F,Sweden,Degeberga,2.4,9.6,5.5,6.9,8.9
624,nricciardellohb,7.139.78.66,1:14:31.000,true,M,Sweden,Falun,3.2,5.5,2.2,3.4,8.9
625,ssidaryhc,225.59.170.58,0:30:24.000,true,M,Sweden,Gustavsberg,3.7,4.2,2.0,5.5,8.3
626,rrolfshd,162.212.173.208,10:57:53.000,true,M,Sweden,Solna,2.4,5.8,3.4,2.4,6.5
627,amcguanehe,72.170.126.222,3:59:24.000,false,M,Sweden,Örebro,1.9,10.0,9.8,6.2,9.8
628,nmaddenhf,100.132.148.151,19:43:55.000,true,M,Norway,Larvik,7.1,8.8,8.5,2.2,4.2
629,stubbhg,185.69.48.152,1:48:13.000,true,F,Finland,Perniö,5.4,9.9,9.8,7.9,2.2
630,tquartermainehh,89.122.72.143,18:21:03.000,true,F,Sweden,Sollefteå,6.9,4.7,5.3,4.6,6.4
631,srhucrofthi,92.195.92.102,13:11:05.000,true,F,Sweden,Mölndal,2.8,7.3,2.6,4.2,1.9
632,asaddletonhj,241.235.25.20,15:21:21.000,true,M,Denmark,København,2.0,5.7,9.4,6.3,4.1
633,hclyburnhk,237.201.168.227,20:11:43.000,true,M,Sweden,Finspång,9.4,1.7,4.5,8.9,8.6
634,hgolsonhl,76.107.69.111,5:15:49.000,false,F,Sweden,Värnamo,6.6,1.6,8.2,7.5,1.9
635,lgilhoolhm,168.90.76.114,15:11:30.000,true,M,Sweden,Solna,9.7,5.9,5.9,1.5,4.8
636,sjacobhn,58.88.201.125,7:59:48.000,true,M,Sweden,Åtvidaberg,7.8,7.4,6.0,3.3,3.4
637,gmackilroeho,119.43.53.189,11:45:04.000,false,M,Sweden,Motala,1.7,5.8,3.8,8.8,5.6
638,esalzburgerhp,119.65.66.161,16:37:38.000,false,M,Sweden,Olofström,4.6,9.5,8.2,1.5,3.4
639,mpickavanthq,201.183.48.121,2:11:07.000,true,M,Sweden,Hägersten,6.8,2.3,9.0,8.1,1.5
640,jgostagehr,98.135.144.45,8:06:02.000,true,F,Sweden,Nora,1.1,1.1,2.2,8.4,5.9
641,soheffernanhs,159.16.109.55,4:25:00.000,true,F,Sweden,Nora,3.8,2.1,7.1,1.7,8.2
642,lkorneichikht,59.8.27.247,17:11:19.000,false,M,Norway,Oslo,2.3,9.1,7.4,3.1,5.1
643,sfydohu,27.85.25.121,8:01:00.000,false,F,Finland,Lammi,6.7,8.7,2.2,3.0,5.6
644,meddishv,102.162.208.137,14:12:34.000,true,F,Finland,Pyhäranta,7.6,9.8,5.4,1.8,5.8
645,wrainforthhw,129.138.246.128,13:54:59.000,true,F,Sweden,Söderhamn,4.4,6.2,2.2,7.3,7.5
646,srobersonhx,32.242.45.8,11:44:06.000,false,M,Sweden,Alingsås,3.0,2.4,3.5,3.6,4.4
647,iwelbournhy,2.16.64.168,19:46:35.000,false,M,Sweden,Edsbyn,4.8,4.6,7.8,5.2,8.8
648,candriolettihz,194.151.135.176,16:45:25.000,false,M,Sweden,Ljungsbro,4.5,8.1,2.4,9.0,4.5
649,ebellshami0,93.48.141.243,2:55:04.000,true,M,Sweden,Örebro,8.4,2.0,1.4,7.1,5.7
650,lbutterisi1,133.108.168.100,14:19:27.000,false,M,Sweden,Bromma,6.5,6.2,8.0,5.9,5.8
651,ksichai2,59.249.244.1,16:56:19.000,true,M,Norway,Kristiansand S,7.8,9.6,2.8,6.2,5.4
652,afaircliffei3,191.43.8.130,15:57:43.000,false,F,Finland,Kaskinen,6.6,6.2,2.6,1.6,5.9
653,cbourtoni4,16.255.14.16,6:38:31.000,false,M,Sweden,Uppsala,3.3,9.9,3.3,1.2,8.7
654,eclymoi5,126.159.196.72,5:00:04.000,false,F,Sweden,Boden,5.2,1.0,3.7,8.8,2.5
655,rcummingsi6,156.0.76.197,6:39:20.000,false,M,Norway,Elverum,1.6,8.7,3.2,6.3,4.9
656,ssazioi7,231.26.137.221,20:12:14.000,true,F,Sweden,Motala,9.2,5.0,2.1,3.7,6.7
657,cstarzakeri8,167.36.51.78,18:28:11.000,false,F,Sweden,Bagarmossen,8.5,4.6,1.4,2.1,1.3
658,tattlei9,64.95.166.15,0:12:09.000,false,F,Sweden,Sävsjö,4.2,2.6,3.9,1.5,8.6
659,iivanuschkaia,173.139.15.52,14:46:00.000,false,F,Norway,Askim,4.2,4.5,9.8,5.2,9.6
660,vmcilvaneyib,89.19.26.25,23:41:21.000,true,F,Finland,Haapajärvi,4.5,4.5,9.8,2.8,5.1
661,pbreachic,238.102.141.226,4:19:20.000,false,M,Norway,Oslo,6.2,5.1,1.2,5.2,3.7
662,ekohnid,140.163.28.20,4:41:12.000,false,F,Sweden,Nynäshamn,2.3,4.3,8.5,6.6,8.1
663,dcaygillie,53.16.72.212,4:13:04.000,true,F,Norway,Oslo,1.7,8.2,5.0,6.3,3.0
664,ibebbingtonif,125.85.183.38,14:53:47.000,false,M,Sweden,Västerås,4.6,3.3,8.3,4.2,7.1
665,mgreenfieldig,235.119.14.200,0:03:04.000,false,M,Sweden,Umeå,4.5,2.1,9.7,7.5,9.4
666,gdybbeih,188.3.100.167,0:53:14.000,true,F,Sweden,Partille,3.0,7.6,5.1,5.9,6.1
667,jwillavizeii,199.201.50.145,7:08:14.000,true,M,Sweden,Karlskoga,6.4,4.2,6.3,5.9,9.5
668,tdurradij,80.4.205.246,19:33:01.000,true,F,Sweden,Umeå,8.2,9.5,4.1,2.3,9.1
669,aparkynsik,233.152.91.160,14:07:47.000,false,M,Sweden,Ludvika,1.3,4.4,5.0,1.3,3.3
670,ckingil,160.49.27.166,17:05:47.000,true,M,Denmark,København,7.3,3.0,7.5,4.8,6.1
671,dmacconnellim,117.210.203.76,19:05:57.000,false,F,Sweden,Tomelilla,7.5,1.3,1.0,5.9,9.9
672,apuddephattin,70.211.84.54,9:11:26.000,true,M,Norway,Oslo,4.6,9.4,8.4,9.7,1.7
673,skneaphseyio,62.22.201.48,7:46:05.000,true,F,Sweden,Katrineholm,7.6,6.4,8.1,7.8,1.1
674,mtilsonip,35.18.134.194,2:41:37.000,false,M,Sweden,Trollhättan,6.3,7.4,5.1,5.6,2.0
675,ftschierascheiq,210.251.107.224,1:38:46.000,true,M,Finland,Ilmajoki,3.5,4.5,8.6,7.7,2.2
676,hlittlejohnir,174.157.27.254,23:31:24.000,true,M,Sweden,Klippan,7.9,8.9,2.1,7.1,5.7
677,bbarracloughis,5.130.0.242,8:56:43.000,true,M,Finland,Kaavi,7.2,4.2,8.0,4.2,3.6
678,alabesit,45.188.179.155,17:56:35.000,false,M,Sweden,Kalmar,1.8,6.0,4.2,5.2,6.6
679,lfessieriu,233.178.224.155,1:42:03.000,true,M,Sweden,Mora,7.8,8.5,7.8,7.9,1.9
680,nsmedmoreiv,4.157.225.41,0:28:58.000,false,F,Norway,Trondheim,2.7,6.4,7.8,4.9,9.9
681,tgyorgyiw,44.54.72.126,11:08:27.000,false,M,Sweden,Göteborg,7.1,3.9,9.9,7.0,3.1
682,breinertix,79.33.13.242,23:18:31.000,true,F,Sweden,Tumba,9.6,6.8,7.3,4.0,8.2
683,jcreameniy,5.135.106.233,1:17:34.000,true,M,Sweden,Norrtälje,5.2,1.1,8.0,6.2,4.0
684,jflintoftiz,76.10.8.41,6:56:12.000,false,F,Sweden,Skövde,4.9,4.4,9.5,4.6,9.9
685,sbenglej0,129.57.56.11,20:57:15.000,false,F,Sweden,Sunne,6.5,3.9,4.7,1.4,10.0
686,dantognellij1,98.220.160.226,8:23:59.000,true,F,Sweden,Kinna,9.3,1.7,4.4,8.9,9.9
687,ftumberj2,237.215.66.179,21:06:13.000,false,F,Sweden,Stockholm,3.8,2.8,5.1,2.7,3.7
688,ccardj3,180.126.233.122,11:22:40.000,false,F,Sweden,Hägersten,9.8,3.4,6.7,1.7,2.5
689,cdudhillj4,150.255.154.67,15:59:54.000,true,M,Finland,Utajärvi,2.3,5.5,2.7,9.8,3.6
690,oraynej5,154.198.1.149,11:25:43.000,false,F,Sweden,Farsta,4.3,8.2,4.9,6.5,4.2
691,dbrazierj6,133.58.3.162,22:53:48.000,false,M,Finland,Asikkala,2.3,3.9,2.0,1.7,4.9
692,egalieroj7,35.62.26.209,1:08:48.000,true,M,Sweden,Vällingby,6.7,6.2,1.2,6.9,4.3
693,mszymanowskij8,81.232.79.58,19:14:48.000,true,F,Sweden,Tranås,10.0,1.4,7.7,3.3,9.8
694,mocalleranj9,231.243.217.28,6:31:54.000,true,M,Sweden,Osby,2.3,7.0,6.8,7.0,1.3
695,gwenzelja,115.69.14.193,8:41:36.000,true,M,Norway,Oslo,2.3,5.2,6.9,8.3,3.7
696,tphilpottsjb,164.109.187.229,21:33:52.000,true,M,Norway,Fredrikstad,3.9,8.9,3.6,7.1,6.6
697,mrufjc,253.21.84.11,23:56:59.000,false,M,Sweden,Hagfors,4.9,2.3,7.6,7.9,6.0
698,dmurdyjd,100.20.26.65,10:28:03.000,true,M,Norway,Tromsø,9.1,5.1,9.5,5.3,9.4
699,haustenje,128.251.11.61,22:28:43.000,true,M,Sweden,Karlstad,2.7,5.5,8.4,1.5,3.7
700,mfraynejf,108.50.88.235,16:28:33.000,false,M,Sweden,Stockholm,1.2,5.2,9.3,8.5,7.2
701,ehearonjg,230.3.105.115,13:01:48.000,true,F,Norway,Ålesund,6.0,1.1,6.0,3.7,9.5
702,yklimentyevjh,135.231.2.109,20:39:53.000,false,F,Sweden,Alingsås,8.9,8.3,3.7,2.5,5.7
703,rcastagnetji,108.135.236.166,22:31:12.000,true,M,Norway,Oslo,2.2,1.7,5.2,7.5,5.7
704,igiraudeaujj,177.234.14.176,21:59:40.000,false,F,Sweden,Bjästa,9.9,6.5,4.6,2.7,3.1
705,amathetjk,178.188.65.166,1:56:20.000,false,F,Sweden,Trollhättan,2.6,5.9,9.3,2.4,3.1
706,lboothejl,17.37.252.71,3:04:00.000,true,M,Sweden,Katrineholm,8.7,4.9,7.6,8.2,9.4
707,hlenouryjm,8.16.96.116,9:40:15.000,true,F,Norway,Arendal,3.0,5.9,1.4,7.6,8.6
708,tcarrackjn,186.179.200.9,5:03:03.000,false,M,Sweden,Kristianstad,6.4,4.7,1.8,9.5,4.1
709,rnorsterjo,236.223.108.193,10:39:13.000,false,F,Sweden,Karlskrona,7.5,2.4,3.3,7.5,7.4
710,cgettyjp,98.140.73.178,2:25:39.000,true,F,Sweden,Borlänge,4.4,2.5,1.2,1.1,4.5
711,kdurnfordjq,126.231.230.204,3:49:54.000,true,F,Sweden,Ulricehamn,7.4,10.0,9.3,1.9,6.9
712,ckernarjr,173.163.205.125,12:47:26.000,true,M,Norway,Oslo,10.0,7.7,1.7,3.7,5.4
713,csutliffjs,187.243.189.205,11:32:27.000,false,M,Norway,Sandefjord,5.0,4.3,8.1,9.8,6.1
714,passantejt,61.80.101.30,16:14:31.000,false,M,Sweden,Stockholm,4.1,6.8,8.9,9.9,3.0
715,pbruinsju,101.146.183.184,19:09:02.000,false,M,Sweden,Luleå,3.5,1.9,7.0,9.1,5.1
716,samphlettjv,218.17.91.12,10:33:52.000,true,F,Finland,Kauhava,5.7,8.4,4.4,1.2,3.0
717,rkempshalljw,17.13.68.50,20:08:18.000,false,F,Norway,Asker,7.6,8.3,7.8,8.7,2.0
718,mbaudassijx,16.206.119.167,20:32:51.000,false,F,Norway,Askim,3.1,2.7,5.7,5.6,4.3
719,dbosworthjy,58.129.23.162,21:28:09.000,true,F,Finland,Ylöjärvi,6.9,5.9,1.9,8.0,8.3
720,dhellcatjz,117.69.132.196,18:36:41.000,false,F,Sweden,Vellinge,3.5,1.8,1.4,3.1,5.0
721,ogundak0,71.182.206.32,4:19:21.000,false,F,Sweden,Vilhelmina,9.6,7.7,8.6,4.5,7.8
722,rofihilliek1,53.152.254.243,21:04:00.000,false,M,Finland,Hämeenkoski,3.0,2.9,5.7,7.3,6.5
723,ppennaccik2,80.60.213.92,0:42:37.000,false,M,Norway,Trondheim,6.5,9.6,10.0,1.9,6.4
724,broisk3,158.207.138.190,19:51:31.000,true,F,Sweden,Nybro,3.1,5.0,6.1,8.1,5.2
725,nsevink4,188.156.102.60,10:37:21.000,true,F,Sweden,Boden,9.6,5.4,7.6,3.8,1.1
726,kodonohuek5,88.243.19.63,16:21:57.000,false,F,Finland,Ylihärmä,6.7,2.8,8.5,4.3,1.6
727,nandrusovk6,141.115.157.86,17:56:28.000,false,M,Sweden,Olofström,5.1,7.0,5.6,2.4,3.5
728,mregitzk7,26.106.154.151,10:42:46.000,false,F,Sweden,Linköping,3.2,1.4,5.6,3.5,7.8
729,labrahamsonk8,16.54.189.160,17:55:17.000,false,F,Sweden,Gränna,9.0,8.6,7.1,5.7,9.8
730,rthrippk9,159.96.86.164,1:14:30.000,false,M,Sweden,Göteborg,7.1,5.6,4.3,5.6,9.1
731,aclixbyka,177.87.109.12,15:03:23.000,false,F,Finland,Hollola,8.1,6.2,7.2,4.7,3.7
732,aortaskb,35.86.44.84,2:16:28.000,true,F,Finland,Siilinjärvi,6.8,6.4,7.6,8.9,2.7
733,atubbskc,30.96.164.243,22:03:07.000,false,M,Sweden,Rönninge,2.2,6.2,5.5,7.9,4.7
734,mgoodridgekd,245.118.196.57,21:43:19.000,true,F,Finland,Haukipudas,9.8,3.1,5.9,2.8,6.3
735,fsquireske,149.59.153.4,10:15:03.000,true,M,Sweden,Kristinehamn,4.5,4.9,1.0,8.4,7.8
736,bstonekf,7.232.224.92,10:24:49.000,false,F,Denmark,København,4.5,8.4,7.8,5.5,5.8
737,amiettinenkg,71.158.78.215,20:41:34.000,true,M,Sweden,Munkfors,7.5,4.2,8.8,1.5,6.8
738,mcrimpkh,129.207.120.23,19:36:04.000,false,M,Sweden,Hisings Kärra,9.2,4.1,2.8,8.9,9.9
739,eresdaleki,180.205.235.135,18:15:31.000,true,M,Sweden,Vällingby,1.5,8.1,6.9,4.2,3.5
740,jreddyhoffkj,156.228.114.130,23:10:47.000,false,F,Denmark,København,3.0,7.1,3.8,7.4,6.6
741,mtwiddellkk,159.217.177.236,20:32:48.000,false,M,Norway,Oslo,5.0,1.1,6.8,6.3,2.7
742,hbythewaykl,96.100.149.251,10:42:05.000,false,F,Sweden,Vadstena,9.7,1.6,4.3,3.4,9.4
743,jiannellikm,206.87.98.127,20:07:05.000,true,M,Sweden,Nyköping,7.5,2.3,4.7,3.4,3.6
744,iaptedkn,43.80.168.178,20:03:23.000,false,F,Sweden,Spånga,3.1,3.7,4.1,7.8,2.4
745,molenaneko,197.60.37.226,21:01:59.000,false,F,Sweden,Luleå,1.5,7.4,8.7,5.3,7.7
746,cbrushneenkp,98.55.63.12,2:33:17.000,false,M,Sweden,Örnsköldsvik,5.3,2.1,2.7,6.6,3.3
747,sdonaldkq,191.35.112.166,15:33:33.000,true,F,Sweden,Solna,1.2,5.1,1.6,8.4,5.6
748,scaplekr,0.14.61.202,19:38:29.000,false,F,Sweden,Nora,7.8,4.6,2.6,6.7,8.8
749,zchueks,95.215.159.163,6:58:49.000,true,M,Sweden,Bollstabruk,5.7,2.6,9.3,9.2,6.1
750,mdrancekt,187.129.66.13,17:57:46.000,true,F,Sweden,Kävlinge,8.6,9.9,6.0,4.7,5.1
751,boneleku,218.3.147.202,10:16:04.000,false,F,Denmark,København,6.4,9.1,7.8,6.8,2.9
752,djoliffekv,185.100.12.126,14:14:49.000,true,F,Sweden,Oxelösund,7.2,7.4,3.4,9.4,3.8
753,cbelinkw,84.166.64.40,15:29:09.000,true,M,Sweden,Hultsfred,1.6,2.2,6.5,2.3,1.3
754,aangelinikx,105.212.25.129,21:31:48.000,false,F,Sweden,Nossebro,9.9,9.7,3.0,2.6,5.5
755,nwalkowskiky,105.110.221.139,14:10:03.000,false,M,Sweden,Stockholm,3.4,3.6,5.9,3.7,2.6
756,dmincikz,12.77.204.175,8:56:56.000,false,F,Sweden,Norrköping,4.4,4.8,8.5,9.9,5.7
757,krussillll0,229.243.25.192,12:50:29.000,false,M,Sweden,Järfälla,9.2,3.6,4.2,5.2,7.6
758,acudbyl1,92.219.202.173,18:32:22.000,true,M,Sweden,Norrköping,9.4,1.0,9.1,6.8,2.9
759,bgodbeherel2,229.220.13.245,17:12:40.000,false,M,Sweden,Borås,4.9,2.6,8.6,2.4,5.3
760,mweddeburnscrimgeourl3,207.81.205.70,10:05:09.000,false,F,Sweden,Moholm,7.8,9.6,1.8,3.3,9.4
761,mbevingtonl4,250.88.202.131,20:12:39.000,true,M,Sweden,Spånga,2.0,4.1,1.1,3.2,3.2
762,pcianil5,237.28.43.44,13:46:01.000,false,F,Sweden,Karlstad,5.7,2.5,1.9,1.7,1.9
763,btoulsonl6,210.50.122.91,9:57:11.000,true,F,Sweden,Bengtsfors,9.3,2.6,2.3,7.3,7.9
764,mplumsteadl7,40.6.107.160,3:48:33.000,false,M,Sweden,Skärhamn,4.6,8.2,3.6,3.1,4.2
765,gpuddinl8,192.71.24.5,23:42:53.000,true,F,Finland,Kälviä,9.4,9.4,1.2,6.7,7.2
766,dcahilll9,108.216.175.104,1:31:23.000,true,F,Sweden,Örnsköldsvik,3.2,6.7,7.5,3.5,8.6
767,ccaplinla,176.135.190.216,2:53:58.000,false,M,Norway,Oslo,4.1,2.5,3.4,8.8,1.7
768,ajertzlb,224.196.116.146,0:07:38.000,false,F,Sweden,Gnosjö,4.7,6.0,6.9,7.9,4.8
769,bgoldslc,123.193.167.109,16:27:48.000,false,M,Sweden,Kiruna,2.4,6.1,2.6,3.9,3.6
770,cpowleyld,239.165.223.68,20:45:25.000,false,M,Sweden,Huddinge,5.5,5.1,5.8,7.3,2.9
771,sabrahamianle,189.52.78.229,1:27:12.000,true,F,Sweden,Hallsberg,9.1,8.6,4.5,4.2,5.8
772,lcollerdlf,177.143.125.127,13:41:28.000,false,M,Sweden,Göteborg,2.6,6.5,6.0,9.0,5.3
773,smckunelg,51.94.193.0,0:56:40.000,true,M,Norway,Drammen,5.9,8.5,9.1,1.9,8.2
774,jfirmagelh,108.215.13.87,15:55:09.000,true,M,Finland,Siilinjärvi,7.5,6.0,4.5,1.9,3.3
775,ohogbourneli,230.171.86.140,17:17:24.000,false,M,Sweden,Gävle,9.7,3.3,9.1,6.5,1.5
776,nscholeylj,253.36.117.31,23:22:00.000,true,M,Sweden,Kåge,7.1,5.4,4.9,3.2,2.3
777,mcinnamondlk,94.86.198.31,23:10:33.000,false,F,Sweden,Linköping,7.4,6.0,5.6,4.6,9.0
778,smaragesll,4.171.197.154,9:35:19.000,false,M,Sweden,Göteborg,1.5,5.0,3.0,2.5,7.9
779,ztebbuttlm,120.113.200.82,21:07:12.000,false,F,Sweden,Löddeköpinge,7.8,5.4,3.0,8.5,5.6
780,ktrusseln,218.212.146.148,0:06:51.000,true,F,Sweden,Karlshamn,1.7,6.9,9.6,7.1,1.6
781,nshoardlo,136.39.221.86,8:09:03.000,false,F,Sweden,Norberg,6.2,7.2,2.0,6.5,4.7
782,jtreasadenlp,170.156.38.226,9:57:58.000,false,F,Denmark,København,7.4,8.1,7.0,3.5,6.3
783,csvaninilq,9.159.68.128,16:12:11.000,false,M,Sweden,Burträsk,10.0,8.9,3.5,6.9,8.7
784,challiganlr,130.250.215.170,16:57:57.000,true,M,Sweden,Färgelanda,9.2,1.7,5.3,7.6,7.8
785,jjackesls,22.98.107.153,19:42:44.000,true,M,Sweden,Enskededalen,1.9,3.8,1.6,7.6,2.9
786,wtussainelt,185.178.29.48,9:43:19.000,true,F,Sweden,Skärholmen,7.2,3.7,7.0,8.2,2.8
787,treamlu,173.170.191.154,11:10:30.000,false,F,Sweden,Stockholm,4.1,7.0,8.6,5.7,2.4
788,jdrummondlv,111.122.241.43,17:55:55.000,false,F,Sweden,Ekerö,2.1,2.2,1.4,8.3,2.9
789,kbaxstarelw,55.51.161.94,7:10:04.000,false,M,Sweden,Visby,9.7,7.3,5.3,9.5,10.0
790,sdoylylx,222.143.56.137,6:07:59.000,true,M,Sweden,Solna,8.3,7.8,5.1,2.8,5.5
791,cgrimbaldestonly,45.80.138.138,20:42:45.000,false,F,Sweden,Sundsvall,6.3,9.7,1.8,4.9,6.1
792,nripsherlz,149.241.72.3,1:23:14.000,false,M,Sweden,Örnsköldsvik,8.5,1.8,2.4,1.3,9.4
793,rgodspedem0,32.95.131.64,22:09:39.000,false,M,Sweden,Stenungsund,6.8,6.4,5.9,9.0,4.2
794,dgatchelm1,146.88.140.28,18:44:16.000,false,M,Finland,Joutsa,3.0,8.2,6.7,4.4,8.0
795,haspelm2,18.241.32.56,11:31:26.000,false,M,Sweden,Skurup,1.4,3.1,8.2,4.6,7.1
796,edurym3,45.124.218.213,6:45:57.000,false,M,Sweden,Stockholm,1.6,2.3,3.7,8.8,6.7
797,mpinchinm4,169.164.250.64,8:14:38.000,false,F,Norway,Asker,2.3,5.0,4.2,4.0,1.5
798,askulletm5,235.172.6.68,18:27:23.000,true,F,Norway,Oslo,7.4,5.5,9.1,3.2,8.5
799,jbannisterm6,64.20.84.54,23:24:23.000,false,M,Finland,Savonlinna,7.4,3.8,9.4,2.0,2.4
800,ecreesm7,134.250.138.77,0:41:20.000,true,M,Norway,Stavanger,5.6,6.8,9.8,4.4,9.1
801,rcontim8,116.247.237.177,10:35:06.000,false,F,Finland,Ylöjärvi,9.5,1.0,10.0,7.0,1.4
802,pateggartm9,206.79.145.185,10:23:16.000,true,M,Sweden,Partille,1.6,1.8,3.5,3.1,2.1
803,kdonnellma,97.18.199.184,0:32:38.000,false,F,Sweden,Luleå,7.6,4.8,2.6,6.7,2.6
804,gvamplersmb,67.84.132.249,11:14:26.000,false,M,Sweden,Enköping,7.7,6.4,8.5,8.2,6.1
805,cstolbergmc,152.227.52.172,11:48:05.000,false,F,Sweden,Stockholm,1.2,4.0,8.3,4.0,6.3
806,lmoxleymd,193.223.105.50,6:48:20.000,false,M,Sweden,Skinnskatteberg,2.3,2.7,6.6,6.2,8.5
807,bfraczkiewiczme,42.21.95.124,23:52:04.000,false,M,Sweden,Tranås,1.4,9.6,5.0,1.2,7.1
808,bdubockmf,132.6.53.49,5:42:37.000,false,F,Norway,Oslo,6.7,4.0,9.4,1.3,9.5
809,aroantreemg,67.234.115.202,16:00:30.000,true,F,Sweden,Haninge,7.3,9.5,8.6,6.8,8.0
810,kbrownleamh,158.84.175.152,11:21:35.000,true,F,Sweden,Stockholm,8.7,4.5,5.6,4.2,7.9
811,taslenmi,59.41.150.17,22:34:19.000,false,M,Sweden,Vellinge,3.2,8.6,8.6,1.7,3.4
812,jfoucardmj,216.253.72.27,7:01:20.000,true,F,Finland,Pyhäsalmi,1.4,8.6,8.6,9.7,9.9
813,rloreymk,78.20.189.151,18:15:18.000,true,M,Sweden,Stockholm,1.0,6.8,5.1,4.2,3.1
814,crubicaml,68.30.141.66,7:10:45.000,false,M,Sweden,Skurup,5.3,3.9,7.3,6.6,2.2
815,slarsenmm,12.98.237.156,20:22:53.000,false,M,Sweden,Stockholm,4.8,6.0,2.0,4.5,2.7
816,zrosparsmn,57.42.83.3,22:11:53.000,true,F,Sweden,Jönköping,3.6,3.7,3.6,4.7,1.2
817,tvivashmo,174.246.43.231,9:56:53.000,true,M,Sweden,Sundbyberg,4.4,4.7,7.1,3.4,2.8
818,mkennellymp,134.109.208.255,22:50:50.000,true,F,Sweden,Stockholm,4.4,5.9,5.3,2.2,4.9
819,gkobkemq,248.156.82.91,23:41:28.000,true,M,Sweden,Trelleborg,9.7,7.0,5.7,9.0,4.6
820,tgaviganmr,130.232.189.188,19:10:14.000,false,M,Norway,Mosjøen,5.9,5.9,1.8,7.0,7.9
821,estickellsms,198.46.142.14,3:37:53.000,true,F,Sweden,Hörby,9.4,5.6,5.5,5.7,3.0
822,sgindghillmt,164.101.113.189,20:53:20.000,false,F,Finland,Koukkuniemi,5.2,8.0,3.5,7.5,3.8
823,avallackmu,37.187.145.213,3:06:20.000,false,F,Sweden,Bollstabruk,4.6,2.0,2.9,8.0,9.5
824,fbericmv,42.218.36.148,13:18:46.000,false,F,Finland,Juuka,9.4,6.1,1.4,7.6,6.3
825,gbendtsenmw,150.202.99.156,8:05:09.000,true,M,Finland,Varpaisjärvi,4.2,5.6,9.0,3.4,1.3
826,ccussmx,136.218.57.229,6:23:49.000,true,F,Sweden,Huskvarna,6.5,8.4,5.0,7.9,7.4
827,gtolermy,48.186.223.109,4:19:49.000,true,F,Sweden,Huddinge,9.7,3.9,3.9,1.7,5.7
828,mvasiltsovmz,181.13.10.126,22:22:22.000,false,M,Finland,Köyliö,6.8,1.8,7.9,1.6,4.9
829,nwoolstenholmesn0,122.134.123.220,16:04:45.000,true,F,Sweden,Åhus,3.4,6.7,2.2,1.4,8.3
830,fvonderemptenn1,30.134.243.199,6:21:50.000,false,F,Finland,Kiiminki,2.1,1.3,7.0,4.5,2.0
831,swoodesonn2,112.47.157.146,19:49:34.000,false,F,Finland,Hausjärvi,6.3,4.5,7.5,8.8,1.8
832,ohartyn3,31.229.120.23,19:40:09.000,true,M,Sweden,Flen,4.0,2.6,1.6,7.9,3.6
833,cdownern4,123.116.198.132,0:22:10.000,true,M,Sweden,Umeå,5.6,2.6,3.6,3.6,4.9
834,jfewtrelln5,192.241.248.199,8:32:35.000,false,F,Sweden,Helsingborg,6.6,3.8,1.2,1.3,9.9
835,ddecortn6,229.128.47.151,16:16:14.000,false,F,Sweden,Falkenberg,9.9,7.9,9.1,9.3,4.4
836,senrichn7,65.149.26.111,5:00:54.000,true,M,Sweden,Ulricehamn,3.0,9.6,8.1,9.7,6.4
837,ncotmoren8,145.212.98.28,15:56:48.000,false,F,Sweden,Norrköping,7.6,4.5,6.2,8.0,5.9
838,ktresken9,99.193.134.100,5:05:57.000,true,M,Sweden,Sölvesborg,1.3,4.9,9.9,1.7,4.1
839,dcreykena,79.190.30.116,10:52:17.000,false,F,Sweden,Solna,5.9,6.6,5.4,6.9,6.2
840,jboognb,144.20.18.88,3:28:05.000,true,F,Sweden,Färgelanda,4.5,9.5,7.2,7.1,8.3
841,lcattermullnc,224.7.96.234,12:50:07.000,true,M,Sweden,Stockholm,4.9,6.4,3.6,6.2,1.6
842,ahambricknd,59.40.250.162,6:31:43.000,true,M,Sweden,Göteborg,9.6,8.2,7.6,4.5,3.1
843,edahlbackne,117.205.158.179,1:23:53.000,false,F,Sweden,Järfälla,5.8,9.0,2.2,6.9,2.4
844,epretiousnf,81.183.32.73,21:54:42.000,false,F,Sweden,Frösön,8.6,7.6,5.4,9.2,4.2
845,jleidenng,18.31.99.248,8:33:14.000,false,F,Finland,Lapinjärvi,7.8,4.4,1.1,6.4,4.7
846,wtuxellnh,60.66.41.193,20:19:33.000,false,M,Norway,Bergen,5.2,3.1,7.0,4.4,2.2
847,jmahodyni,143.214.216.48,14:13:48.000,true,M,Sweden,Alvesta,5.6,4.8,9.3,9.6,1.6
848,akondratyuknj,247.244.86.157,21:19:42.000,true,F,Sweden,Kista,2.6,2.3,5.9,8.7,4.7
849,tdonawaynk,110.224.21.67,1:17:20.000,true,M,Norway,Oslo,5.1,9.6,4.1,3.6,5.5
850,lcoshnl,253.174.50.52,10:47:16.000,false,F,Sweden,Finspång,5.1,1.8,5.3,5.8,1.9
851,hjerromesnm,165.98.250.137,10:06:01.000,true,F,Finland,Koski Tl,6.8,6.6,9.1,6.8,6.6
852,ozavatteronn,83.137.235.121,2:01:54.000,true,F,Sweden,Alingsås,5.8,8.2,7.5,8.0,9.5
853,bfraysno,174.198.184.189,15:42:26.000,false,F,Sweden,Bromma,3.9,6.3,1.5,2.2,8.8
854,rfigiovanninp,114.125.85.52,9:51:17.000,false,M,Sweden,Rimbo,5.6,5.7,9.0,9.8,2.4
855,acromptonnq,206.179.95.203,12:15:02.000,false,M,Sweden,Västerås,4.5,2.3,9.7,1.7,2.2
856,rburstownr,218.151.174.163,12:07:19.000,false,F,Sweden,Tidaholm,1.2,4.6,6.4,5.7,9.7
857,lwortsns,83.16.125.99,11:19:48.000,false,M,Norway,Kristiansand S,2.0,4.3,6.4,1.1,5.2
858,cbalsomnt,115.198.245.254,22:01:17.000,false,F,Sweden,Hova,10.0,9.0,1.4,8.3,2.7
859,dmussallinu,236.30.9.165,10:57:43.000,true,F,Sweden,Örebro,5.9,8.1,5.6,9.1,1.7
860,epeticannv,210.176.127.161,2:20:38.000,true,F,Sweden,Alfta,1.2,1.3,1.5,1.3,2.3
861,mweinnw,120.108.175.132,2:04:46.000,false,M,Sweden,Kolmården,6.9,9.8,2.4,9.4,9.9
862,wpierrinx,64.8.224.89,15:10:32.000,true,F,Sweden,Järna,2.2,2.7,9.2,4.0,6.5
863,npontenny,129.168.248.26,11:09:53.000,false,M,Denmark,København,2.1,6.5,5.6,3.8,1.4
864,csunnexnz,165.131.191.11,17:34:07.000,false,F,Sweden,Vänersborg,8.3,1.8,2.2,2.9,7.2
865,ajoburno0,147.71.62.240,11:34:27.000,false,M,Norway,Oslo,5.1,1.1,1.9,3.9,5.6
866,mbruckentalo1,58.97.56.181,23:23:45.000,false,M,Sweden,Sundbyberg,5.1,2.5,9.1,9.6,2.9
867,gcowlamo2,219.47.2.246,6:19:08.000,true,M,Sweden,Skellefteå,8.5,2.8,5.6,6.2,2.8
868,lfaillo3,94.107.123.224,2:34:36.000,true,F,Sweden,Skinnskatteberg,2.5,7.6,4.1,8.7,6.0
869,kpowleslando4,191.195.120.108,20:25:03.000,true,F,Sweden,Sundbyberg,5.1,3.2,2.7,9.8,3.8
870,cpurshouseo5,24.24.234.227,23:48:52.000,true,M,Sweden,Norrtälje,8.7,9.9,5.3,5.3,2.8
871,bgerrillo6,57.255.128.250,18:48:09.000,false,F,Sweden,Stockholm,4.1,5.3,9.7,1.0,5.8
872,djanneyo7,80.110.182.199,9:54:13.000,true,F,Finland,Masku,9.3,3.3,7.5,5.2,7.9
873,chedgeleyo8,33.158.156.209,13:25:56.000,false,F,Sweden,Nora,8.9,2.7,6.8,5.4,5.7
874,bsharpleyo9,13.40.169.118,23:19:35.000,false,F,Norway,Drammen,8.5,9.3,8.6,1.4,5.5
875,dkatzmannoa,147.252.139.251,21:03:56.000,true,M,Finland,Nykarleby,5.5,3.8,4.6,1.9,3.9
876,vbletsoob,234.126.32.124,10:42:18.000,true,M,Norway,Drammen,1.8,1.2,2.5,4.6,9.7
877,ujacobssenoc,119.44.115.162,9:45:12.000,true,M,Sweden,Svenljunga,8.5,8.0,9.2,5.0,2.3
878,hblaverod,156.216.181.249,22:25:27.000,true,M,Sweden,Oxelösund,9.9,1.4,7.1,3.5,7.6
879,mboddisoe,220.164.97.242,11:45:19.000,true,M,Sweden,Tomelilla,5.9,9.8,2.8,4.9,3.0
880,fhebardof,26.2.9.71,6:36:25.000,false,M,Sweden,Saltsjöbaden,9.3,6.5,4.6,6.7,7.1
881,eronaldsonog,196.110.186.185,9:59:08.000,false,F,Sweden,Västra Frölunda,2.0,4.3,8.4,6.7,4.9
882,ncrumbleholmeoh,179.146.123.34,21:17:39.000,true,M,Sweden,Rönninge,9.7,9.8,3.8,6.9,9.0
883,hcleimentoi,20.171.9.26,3:46:02.000,true,F,Sweden,Söderköping,8.0,7.1,4.5,6.3,5.6
884,llehonoj,246.232.102.67,6:50:31.000,false,F,Sweden,Järfälla,1.1,1.9,2.8,9.0,4.7
885,tdaensok,175.114.157.51,2:44:08.000,false,F,Sweden,Kristinehamn,7.8,4.5,9.5,5.9,1.3
886,aanwellol,138.114.146.249,5:41:45.000,true,F,Sweden,Solna,8.4,1.2,8.9,9.0,1.1
887,ecandyom,147.132.229.187,20:39:56.000,false,F,Sweden,Gävle,7.3,3.9,6.2,8.8,8.4
888,dbrehaton,230.158.30.132,5:44:13.000,true,F,Sweden,Sollebrunn,2.4,4.4,2.8,6.8,7.5
889,acrichtonoo,236.86.201.163,6:12:14.000,false,F,Sweden,Moholm,1.4,5.3,1.2,3.7,3.3
890,abilleop,172.102.216.119,2:33:35.000,true,M,Sweden,Simrishamn,8.3,2.0,3.2,9.6,3.1
891,lwallworthoq,44.57.3.157,15:02:12.000,true,M,Sweden,Mariestad,3.3,8.6,7.4,4.9,7.2
892,ndanaharor,179.228.47.0,17:20:34.000,false,M,Sweden,Norrtälje,9.4,7.6,5.3,2.0,9.4
893,dfinleyos,251.110.227.89,0:53:51.000,false,M,Finland,Joutseno,2.0,8.8,7.7,8.1,1.2
894,cdareyot,76.217.21.140,10:19:49.000,false,F,Sweden,Sollefteå,8.1,9.2,3.8,5.4,6.5
895,ccadellou,23.155.228.249,23:45:22.000,true,M,Sweden,Kungsör,9.9,3.5,1.0,5.1,6.7
896,fyannov,77.16.177.92,8:35:55.000,false,M,Finland,Outokumpu,9.9,9.6,4.1,3.1,1.0
897,cstoaksow,11.214.53.80,1:51:33.000,true,M,Sweden,Åhus,8.7,3.9,1.6,9.8,3.0
898,hlacerox,45.202.2.80,12:43:15.000,false,M,Sweden,Göteborg,8.4,9.3,8.1,3.6,6.2
899,nwiganoy,195.29.210.28,21:51:31.000,false,F,Norway,Bodø,3.3,8.1,6.6,5.1,9.4
900,mtuckieoz,114.97.4.115,14:56:42.000,true,F,Denmark,København,1.4,6.7,4.7,2.3,8.7
901,loslarp0,198.69.18.209,2:51:21.000,false,F,Sweden,Linköping,3.4,6.3,5.5,7.0,3.8
902,dbroadwellp1,172.105.116.181,1:42:07.000,false,M,Denmark,Frederiksberg,4.3,8.4,9.8,1.6,9.1
903,bcarlesp2,78.147.103.222,5:25:45.000,false,M,Sweden,Solna,7.2,9.6,7.0,2.8,9.9
904,erobertip3,128.196.255.56,2:36:14.000,true,M,Sweden,Lysekil,3.3,2.6,9.6,5.0,5.9
905,nsambrookp4,65.92.198.37,10:05:19.000,false,M,Sweden,Sollefteå,8.7,3.4,3.8,8.1,8.6
906,lstockeyp5,76.152.112.144,6:58:59.000,true,F,Sweden,Helsingborg,4.6,5.5,8.1,3.9,8.2
907,creadiep6,105.150.88.63,12:26:51.000,false,M,Sweden,Göteborg,7.7,4.7,2.1,7.9,3.6
908,edivesp7,153.27.159.53,14:22:51.000,true,F,Norway,Kristiansand S,5.7,8.8,3.2,3.7,10.0
909,mstihlp8,110.184.104.151,17:36:23.000,false,F,Finland,Tuupovaara,3.6,1.2,2.2,4.1,5.3
910,ctregensoep9,90.40.87.206,2:11:55.000,true,F,Finland,Karkkila,2.6,7.4,6.3,6.3,4.6
911,gstagpa,216.177.110.48,10:40:51.000,true,M,Sweden,Sandviken,8.7,3.9,3.9,6.3,6.1
912,mcrundenpb,196.127.130.45,21:41:10.000,true,M,Sweden,Älmhult,7.2,6.9,4.8,7.4,3.6
913,fmanbypc,101.239.150.171,5:50:50.000,false,M,Norway,Molde,6.0,4.6,6.1,5.2,3.1
914,agullefordpd,26.244.1.128,4:47:35.000,false,M,Sweden,Grängesberg,1.9,9.8,2.9,6.6,7.3
915,gwitteype,105.48.241.92,3:34:46.000,true,F,Sweden,Enköping,6.6,9.0,9.7,3.6,4.4
916,lbeechenopf,226.57.170.57,7:33:16.000,true,F,Sweden,Trosa,3.6,4.3,5.5,8.0,3.9
917,cmorotpg,232.171.183.151,11:51:11.000,true,F,Norway,Oslo,10.0,4.0,4.9,4.6,8.5
918,nsuttellph,132.41.181.107,10:17:11.000,true,M,Sweden,Huskvarna,5.9,7.2,3.6,3.1,7.8
919,rbenkopi,7.191.66.170,15:30:25.000,false,F,Finland,Oravais,6.7,8.2,6.0,9.3,7.3
920,wapplefordpj,164.156.208.159,23:51:41.000,false,M,Norway,Oslo,2.7,6.2,4.1,9.3,9.8
921,egilloranpk,169.125.139.238,17:14:31.000,true,M,Sweden,Boxholm,3.8,5.2,3.5,4.6,4.3
922,clukespl,80.239.85.170,11:44:22.000,false,M,Norway,Oslo,1.2,7.9,8.2,7.9,2.6
923,ktamlettpm,139.73.215.52,10:13:38.000,true,M,Sweden,Vällingby,4.0,7.5,1.7,6.9,5.8
924,lroskelleypn,122.68.133.110,0:44:51.000,false,M,Norway,Oslo,2.4,3.9,9.6,8.3,6.7
925,dbodicumpo,53.79.252.61,4:45:57.000,true,F,Sweden,Gävle,4.2,9.3,6.9,6.4,6.6
926,caaronsonpp,35.249.251.159,16:39:33.000,true,F,Finland,Uusikaupunki,1.6,4.5,8.3,3.9,3.5
927,bblandfordpq,111.57.216.137,17:58:20.000,false,M,Sweden,Borlänge,3.9,1.4,9.1,9.2,3.6
928,tlearmontpr,28.97.188.92,20:44:07.000,false,F,Norway,Oslo,4.4,2.3,7.1,3.3,8.5
929,legdaleps,18.11.178.201,20:34:10.000,false,M,Norway,Rennebu,8.6,7.1,3.5,3.9,8.0
930,pmacalesspt,192.151.31.246,2:47:00.000,false,F,Sweden,Norrköping,7.9,9.8,4.9,2.0,1.7
931,aassantepu,93.86.238.152,0:32:50.000,true,F,Sweden,Forshaga,4.0,9.2,4.8,4.6,3.8
932,hbahikepv,229.91.99.105,1:18:29.000,false,F,Sweden,Nynäshamn,7.7,4.9,7.7,8.8,9.6
933,esegeswoethpw,172.16.14.22,15:37:34.000,false,M,Denmark,København,5.1,7.9,8.3,5.6,1.1
934,aruberrypx,254.232.185.253,10:35:19.000,false,M,Sweden,Alfta,5.4,3.0,8.0,8.7,2.7
935,sshilladaypy,190.231.246.124,15:39:39.000,false,F,Finland,Muonio,2.2,9.6,8.5,2.6,8.9
936,gfancourtpz,171.165.177.99,9:17:21.000,true,M,Sweden,Borås,8.6,1.7,9.5,5.7,7.5
937,oborgesioq0,232.117.150.242,20:43:43.000,true,M,Norway,Sarpsborg,8.3,7.0,3.6,5.8,8.0
938,civanikhinq1,76.150.9.223,2:24:43.000,true,M,Sweden,Säffle,9.4,6.6,7.5,4.5,1.2
939,nhugonnetq2,205.130.182.119,0:13:34.000,true,M,Sweden,Huddinge,7.0,9.7,8.8,9.1,4.8
940,amackerleyq3,7.62.177.182,17:30:26.000,true,F,Sweden,Fagersta,4.9,7.7,1.3,2.0,8.6
941,kshwennq4,30.50.206.225,15:31:53.000,true,M,Denmark,Frederiksberg,6.2,9.1,7.8,3.2,4.6
942,rabsolonq5,142.117.104.160,12:43:23.000,true,F,Sweden,Hörby,6.0,2.0,9.4,9.8,5.9
943,csallierq6,253.161.245.147,21:37:29.000,true,M,Sweden,Stockholm,2.3,9.1,9.0,7.8,7.8
944,geneasq7,86.249.67.231,12:49:37.000,true,F,Sweden,Åby,7.0,2.8,5.7,1.7,6.8
945,hhandsq8,32.18.18.193,23:08:44.000,false,M,Sweden,Stockholm,8.4,9.1,6.5,5.8,8.5
946,roldhamq9,87.163.134.144,2:12:57.000,false,M,Finland,Haukipudas,4.5,7.0,1.8,1.8,9.6
947,hconstableqa,186.164.11.124,8:26:55.000,true,F,Finland,Nurmo,7.3,5.2,1.8,1.7,2.7
948,ldudnyqb,70.59.202.232,5:56:32.000,true,F,Finland,Rautalampi,9.0,4.4,2.8,8.1,8.8
949,rgunthorpeqc,30.173.176.59,6:14:48.000,false,M,Sweden,Spånga,8.2,4.7,9.6,6.4,1.2
950,ndanihelkaqd,169.80.28.97,14:27:19.000,false,M,Sweden,Västerås,3.1,6.3,2.2,9.0,4.7
951,swasbeyqe,98.78.47.29,7:39:08.000,true,M,Norway,Bergen,2.3,3.7,6.0,8.5,4.0
952,dheyballqf,145.98.75.181,16:03:13.000,false,M,Sweden,Karlstad,2.9,5.6,1.1,5.8,1.3
953,dpickaverqg,197.57.232.21,7:14:48.000,true,M,Sweden,Umeå,1.4,4.5,7.1,2.7,5.4
954,dwelfordqh,247.141.228.28,18:42:20.000,true,F,Sweden,Stockholm,7.5,6.4,6.4,2.1,7.8
955,cdanforthqi,78.120.53.69,19:23:34.000,false,F,Sweden,Borås,1.7,3.0,1.7,2.4,1.6
956,lpocknollqj,67.105.29.255,16:18:33.000,true,M,Finland,Karis,3.9,9.6,6.3,3.6,2.2
957,syuryevqk,137.64.67.252,1:39:18.000,true,M,Sweden,Flen,9.5,5.5,6.2,2.4,7.8
958,ebolmannql,167.33.190.190,13:38:52.000,true,M,Sweden,Norrköping,7.9,9.1,1.5,4.0,3.2
959,bkuzemkaqm,194.150.177.186,8:59:14.000,true,F,Sweden,Tibro,9.1,7.2,7.6,9.0,1.4
960,vlamswoodqn,5.21.229.233,3:42:09.000,false,F,Sweden,Stockholm,6.0,1.1,7.5,3.6,6.6
961,cmaudsleyqo,231.249.149.193,20:11:15.000,false,M,Sweden,Kvissleby,7.2,1.0,3.0,7.4,4.0
962,tlambertiniqp,172.228.104.220,23:52:35.000,false,F,Sweden,Stockholm,7.8,1.9,8.9,5.5,1.4
963,ahenworthqq,104.59.139.214,8:53:36.000,true,M,Finland,Pernå,7.8,6.7,5.4,8.0,7.5
964,dvancasselqr,178.131.47.17,1:48:02.000,false,F,Sweden,Värmdö,2.6,3.1,8.4,2.7,1.9
965,mstienhamqs,178.221.95.67,21:35:17.000,true,F,Sweden,Bålsta,7.1,5.0,5.1,9.1,2.5
966,cpaysqt,239.32.237.218,16:28:20.000,false,F,Denmark,København,5.5,9.3,9.5,3.8,8.7
967,rmcgourtyqu,89.88.247.16,9:02:27.000,true,F,Norway,Bergen,3.6,5.6,7.7,4.7,7.3
968,eoglevieqv,127.255.153.39,7:49:09.000,false,F,Finland,Vihti,6.1,2.3,6.5,5.9,2.7
969,hrodenhurstqw,133.162.136.114,23:17:05.000,false,M,Sweden,Uppsala,1.9,3.8,3.5,5.5,9.8
970,amiddlebrookqx,221.233.48.108,21:01:05.000,true,F,Sweden,Lerum,9.0,2.3,2.3,1.2,6.7
971,probackqy,104.233.191.169,12:21:55.000,false,F,Sweden,Göteborg,7.4,4.1,7.2,2.6,4.9
972,hdinisqz,30.127.181.244,15:44:31.000,false,M,Sweden,Borlänge,4.7,8.5,9.2,4.1,1.3
973,dsplevingr0,29.118.232.43,0:43:37.000,true,F,Denmark,København,8.7,9.8,6.3,7.4,5.1
974,ptroopr1,5.56.227.181,3:50:54.000,false,M,Sweden,Kristianstad,5.1,5.9,2.3,4.5,7.0
975,dbanaszkiewiczr2,120.72.106.128,21:31:49.000,true,F,Sweden,Solna,7.4,4.6,5.6,4.5,8.3
976,bscarrr3,101.223.158.138,7:06:24.000,false,M,Sweden,Göteborg,9.5,9.7,1.8,2.1,7.6
977,tciccir4,14.194.95.247,14:24:22.000,true,M,Sweden,Visby,1.5,6.7,9.0,2.1,6.6
978,kgallicor5,248.12.209.20,0:59:36.000,false,F,Norway,Oslo,8.3,1.2,7.6,4.5,4.5
979,rclipsonr6,128.6.12.96,21:17:34.000,false,F,Sweden,Borgholm,1.8,4.2,7.9,8.7,5.4
980,kmagillr7,88.85.192.224,21:14:12.000,false,F,Finland,Kalajoki,7.7,2.6,5.0,3.6,1.1
981,sstanggjertsenr8,239.111.71.111,14:36:24.000,false,M,Finland,Ruokolahti,8.6,5.7,6.3,8.1,6.4
982,pcarmanr9,91.190.198.164,1:36:03.000,true,F,Sweden,Trollhättan,9.9,4.5,3.1,6.1,7.7
983,afoakesra,27.127.203.200,15:09:05.000,true,F,Norway,Sandefjord,8.6,6.1,8.4,3.9,6.8
984,tgooderrb,222.199.146.25,1:10:58.000,false,M,Sweden,Göteborg,2.7,6.9,3.1,1.4,9.9
985,mlevanerc,93.170.239.180,23:00:58.000,true,M,Sweden,Saltsjö-Boo,1.6,9.8,4.6,1.8,8.0
986,kfroggattrd,196.81.54.49,18:13:29.000,true,F,Sweden,Ludvika,6.2,1.2,3.8,6.9,3.2
987,sgoutcherre,10.7.84.46,22:25:57.000,true,F,Sweden,Hovås,5.0,5.6,6.6,5.1,7.5
988,uteersrf,139.225.91.74,2:43:59.000,false,F,Norway,Oslo,3.2,9.4,6.4,9.7,8.5
989,kjendasrg,72.137.127.105,11:15:26.000,true,M,Sweden,Ljungskile,6.6,7.9,6.4,4.6,8.7
990,dreaganrh,2.163.21.240,23:35:19.000,true,F,Sweden,Göteborg,2.8,8.7,5.3,1.1,6.6
991,mwicherri,82.101.59.48,10:34:44.000,false,M,Norway,Askim,6.8,9.8,9.9,2.4,3.4
992,kstenningrj,58.125.39.121,9:08:53.000,false,F,Sweden,Jokkmokk,6.6,1.5,1.3,5.3,3.1
993,vmullordrk,84.13.154.42,9:14:21.000,true,F,Finland,Jämsänkoski,6.5,7.1,1.1,4.3,2.0
994,edanielotrl,231.22.127.185,21:24:36.000,false,F,Sweden,Kiruna,5.0,7.7,4.4,9.7,5.5
995,rmullanyrm,198.92.74.249,10:26:39.000,false,F,Sweden,Borås,7.2,4.5,8.0,5.5,2.5
996,jgarfootrn,112.140.217.185,1:53:07.000,false,M,Norway,Sandefjord,9.3,4.4,3.4,7.2,2.7
997,cculloteyro,162.163.195.132,18:23:53.000,false,F,Finland,Ristinummi,7.4,3.8,4.3,8.9,8.5
998,klavalrp,119.109.248.250,13:51:13.000,true,M,Sweden,Gislaved,9.4,2.1,9.0,4.5,7.1
999,florainrq,122.191.80.178,16:03:15.000,false,M,Sweden,Jönköping,2.7,1.7,3.2,9.9,2.8
1000,acastelletrr,178.189.199.98,3:18:20.000,false,F,Sweden,Huddinge,3.5,3.1,7.8,5.3,9.2
